condition_id,y_true,y_pred,lower,upper,interval_width,covered
1,0.1128,0.09964548604985593,0.08540164770929137,0.11388932439042049,0.028487676681129115,True
1,0.1056,0.10322725948626393,0.09032156778826625,0.11613295118426162,0.02581138339599537,True
1,0.1102,0.1038203342992435,0.09094156649732298,0.11669910210116403,0.02575753560384106,True
1,0.1094,0.10181948939643959,0.08619427002669264,0.11744470876618654,0.0312504387394939,True
1,0.101,0.10409800431154967,0.08275842805959499,0.12543758056350435,0.04267915250390936,True
1,0.1084,0.10286272373661866,0.08780972315686195,0.11791572431637537,0.030106001159513424,True
1,0.1056,0.102495177081315,0.08950710016741058,0.11548325399521943,0.02597615382780885,True
1,0.1032,0.10163710270044124,0.08894098130629081,0.11433322409459167,0.02539224278830085,True
1,0.1074,0.10105293719476377,0.08682639303746231,0.11527948135206523,0.028453088314602915,True
1,0.1098,0.10164332680845625,0.08771416387320045,0.11557248974371205,0.027858325870511597,True
1,0.1026,0.10297379457697922,0.08996168401640499,0.11598590513755345,0.026024221121148466,True
1,0.1056,0.10135790255882934,0.08572019299971208,0.11699561211794661,0.03127541911823453,True
1,0.0974,0.1018749150123866,0.08716463348360176,0.11658519654117144,0.029420563057569682,True
1,0.0962,0.1016835585220978,0.08821854227021764,0.11514857477397797,0.02693003250376033,True
1,0.092,0.10151957421819245,0.08630985908064098,0.11672928935574392,0.030419430275102938,True
1,0.095,0.10168438004483715,0.08686650908479163,0.11650225100488268,0.029635741920091052,True
1,0.0946,0.10146411498085307,0.08880434635305354,0.11412388360865261,0.025319537255599073,True
1,0.101,0.09992273249264615,0.0855808151164859,0.1142646498688064,0.028683834752320503,True
1,0.095,0.10141606033635447,0.08751713713609272,0.11531498353661623,0.027797846400523518,True
2,0.0994,0.09561664807273322,0.08330529235322275,0.1079280037922437,0.02462271143902095,True
2,0.092,0.09121709989845846,0.07732774257016352,0.1051064572267534,0.027778714656589876,True
2,0.0902,0.09185593228041286,0.07821362779947366,0.10549823676135206,0.027284608961878398,True
2,0.0898,0.09500324146053359,0.08359303444545542,0.10641344847561175,0.022820414030156333,True
2,0.0892,0.09248097594614282,0.08025156685595237,0.10471038503633327,0.024458818180380898,True
2,0.094,0.09068792647617785,0.07602548870087275,0.10535036425148295,0.029324875550610197,True
2,0.09,0.09081958878180599,0.07661706946949727,0.1050221080941147,0.028405038624617435,True
2,0.0884,0.09001018970717321,0.06132238012852213,0.1186979992858243,0.05737561915730216,True
2,0.087,0.08744976080054681,0.07322619355256085,0.10167332804853277,0.028447134495971915,True
2,0.0902,0.09201561970583404,0.05330185866471903,0.13072938074694904,0.07742752208223,True
2,0.0828,0.08624663273073414,0.0730118522396684,0.09948141322179989,0.02646956098213149,True
2,0.0856,0.0870135459848041,0.07309085839475266,0.10093623357485554,0.027845375180102883,True
2,0.0866,0.08781395209903556,0.0741660521501376,0.10146185204793351,0.027295799897795903,True
2,0.0804,0.08748833734444883,0.06475950285577477,0.11021717183312289,0.045457668977348126,True
2,0.0832,0.08727188721533238,0.04868167152743109,0.12586210290323369,0.0771804313758026,True
2,0.0872,0.08517860196651793,0.0726902364287667,0.09766696750426916,0.024976731075502467,True
2,0.084,0.08466369776572012,0.0729717525797984,0.09635564295164184,0.023383890371843435,True
2,0.0892,0.0862295526951874,0.07329253945528985,0.09916656593508494,0.025874026479795087,True
2,0.094,0.08542598010130964,0.07299994143990866,0.09785201876271062,0.024852077322801952,True
2,0.0922,0.08485171785873932,0.07275218412676453,0.09695125159071412,0.024199067463949592,True
3,0.1052,0.0986959978034045,0.07904539153969589,0.11834660406711311,0.03930121252741722,True
3,0.1044,0.10503819797517863,0.09005486772261721,0.12002152822774005,0.02996666050512284,True
3,0.0998,0.10392417316410445,0.08907989023373424,0.11876845609447466,0.029688565860740423,True
3,0.1038,0.10149571004941063,0.08663614979755391,0.11635527030126736,0.029719120503713448,True
3,0.0998,0.09978158062444727,0.08372323101573187,0.11583993023316266,0.032116699217430794,True
3,0.1012,0.10075874178783828,0.08490793965726232,0.11660954391841424,0.03170160426115193,True
3,0.0964,0.1016846606106975,0.08727643763306643,0.11609288358832857,0.028816445955262143,True
3,0.0988,0.09958644791666005,0.08461750024746822,0.11455539558585187,0.029937895338383647,True
3,0.0928,0.10381502856181914,0.09023621330827702,0.11739384381536125,0.027157630507084224,True
3,0.0952,0.10083804533828519,0.0846304704606051,0.11704562021596529,0.032415149755360195,True
3,0.0904,0.09977754886503558,0.08544890958167312,0.11410618814839804,0.028657278566724925,True
3,0.081,0.0991809570625691,0.08379182386850513,0.11457009025663308,0.030778266388127945,False
3,0.0886,0.10204517985689765,0.0878592953163208,0.11623106439747449,0.028371769081153686,True
3,0.0864,0.09977465892196465,0.07635647826563113,0.12319283957829816,0.046836361312667024,True
3,0.0794,0.09942408515118265,0.08398404590786625,0.11486412439449904,0.030880078486632795,False
3,0.0756,0.09757148175817162,0.08358647442397432,0.11155648909236893,0.027970014668394605,False
3,0.0774,0.0995796478760236,0.08492051195273932,0.11423878379930787,0.029318271846568544,False
3,0.0812,0.09385979593166834,0.08137815397864034,0.10634143788469633,0.024963283906055983,False
3,0.0748,0.0975387618421707,0.0834753157982331,0.11160220788610829,0.028126892087875194,False
3,0.0816,0.09721011288645785,0.08347059207799737,0.11094963369491834,0.02747904161692097,False
4,0.119,0.0993177340829887,0.044198661351561544,0.15443680681441585,0.1102381454628543,True
4,0.1162,0.10174582537634345,0.042754381259346795,0.1607372694933401,0.1179828882339933,True
4,0.106,0.09609439485697222,0.06571378421249874,0.1264750055014457,0.060761221288946954,True
4,0.1104,0.09126639973861067,0.08157353233025436,0.10095926714696699,0.01938573481671263,False
4,0.1072,0.09322085675890278,0.0662986446908125,0.12014306882699306,0.05384442413618057,True
4,0.0988,0.09748584367097077,0.04655424143366137,0.14841744590828015,0.10186320447461879,True
4,0.0946,0.0958343285799006,0.051870575571618435,0.13979808158818274,0.08792750601656431,True
4,0.0958,0.09237854644060305,0.0656824926593648,0.1190746002218413,0.053392107562476504,True
4,0.0982,0.09422647580652291,0.06310676119460765,0.12534619041843817,0.06223942922383052,True
4,0.0922,0.09972935331229664,0.03712158809404033,0.16233711853055294,0.12521553043651262,True
4,0.0908,0.08937459197134524,0.07799708615870969,0.1007520977839808,0.022755011625271104,True
4,0.087,0.08963458458505422,0.05597080396901715,0.12329836520109128,0.06732756123207412,True
4,0.0816,0.09014543606520023,0.07886387027093841,0.10142700185946205,0.022563131588523633,True
4,0.0914,0.09356516111913414,0.05942578518170817,0.1277045370565601,0.06827875187485193,True
4,0.088,0.09059588513915816,0.07829003122101152,0.10290173905730479,0.024611707836293267,True
4,0.0848,0.09362904528490323,0.061741667216188484,0.12551642335361798,0.0637747561374295,True
4,0.092,0.09813565154441378,0.035611047871838455,0.16066025521698912,0.12504920734515068,True
4,0.0914,0.09358043726232915,0.05403690711725782,0.13312396740740048,0.07908706029014267,True
4,0.0858,0.10457548632494945,0.030116054555828123,0.1790349180940708,0.14891886353824269,True
4,0.0812,0.09483380911654347,0.026254169146493478,0.16341344908659347,0.1371592799401,True
5,0.1086,0.10398863628474443,0.09141027991617826,0.11656699265331061,0.025156712737132353,True
5,0.1066,0.10152588726223283,0.08283538393426912,0.12021639059019654,0.03738100665592742,True
5,0.1068,0.10093490078538114,0.08720668054700059,0.1146631210237617,0.0274564404767611,True
5,0.1016,0.10322584735389166,0.09093157927382851,0.11552011543395481,0.024588536160126295,True
5,0.09,0.09341615445799714,0.07835302203693775,0.10847928687905653,0.030126264842118777,True
5,0.0954,0.0938791735465989,0.07954579414923442,0.10821255294396338,0.028666758794728964,True
5,0.093,0.0962260901602672,0.0811109032998123,0.11134127702072211,0.03023037372090981,True
5,0.0904,0.09334616783704053,0.07903797110228149,0.10765436457179957,0.02861639346951808,True
5,0.097,0.09285394727904217,0.08025339359798403,0.10545450096010031,0.025201107362116282,True
5,0.0952,0.09303333857266496,0.07942853965420202,0.10663813749112791,0.02720959783692589,True
5,0.0954,0.0925840641203192,0.07965357797833382,0.1055145502623046,0.025860972283970773,True
5,0.1036,0.09347715892512928,0.07977352129659836,0.10718079655366021,0.027407275257061853,True
5,0.098,0.09592376091664692,0.08158398517746387,0.11026353665582997,0.028679551478366094,True
5,0.0926,0.09596994101176526,0.08312067224290953,0.10881920978062098,0.025698537537711452,True
5,0.093,0.0931389815212325,0.07925278366124236,0.10702517938122263,0.027772395719980275,True
5,0.0962,0.09424129870934651,0.08125356606509447,0.10722903135359856,0.025975465288504085,True
5,0.0956,0.09725939543970102,0.08413994202655203,0.11037884885285001,0.02623890682629798,True
5,0.0912,0.09229055045208998,0.07889476837319889,0.10568633253098106,0.026791564157782166,True
5,0.0942,0.09528346089316403,0.08156941796930516,0.1089975038170229,0.027428085847717748,True
5,0.094,0.0933564662822392,0.07961045186849243,0.10710248069598598,0.027492028827493548,True
6,0.105,0.09368200834341942,0.08119404352416021,0.10616997316267862,0.024975929638518413,True
6,0.0878,0.09895777089796194,0.0850724426680154,0.11284309912790848,0.027770656459893073,True
6,0.0936,0.0910314323330257,0.08189580877742722,0.10016705588862418,0.01827124711119696,True
6,0.0954,0.09501450356754315,0.07597938680086384,0.11404962033422246,0.038070233533358616,True
6,0.1012,0.08860998523861824,0.07976895623531538,0.0974510142419211,0.017682058006605716,False
6,0.0954,0.0890259554474116,0.0800660818048587,0.09798582908996449,0.017919747285105786,True
6,0.0992,0.08864890246421307,0.08034874173462689,0.09694906319379926,0.016600321459172368,False
6,0.0964,0.08876502461868369,0.07969673632353136,0.09783331291383601,0.018136576590304654,True
6,0.0908,0.09112327182753399,0.08346926481671846,0.09877727883834952,0.015308014021631067,True
6,0.098,0.0898973843887771,0.08072671320750682,0.09906805557004739,0.018341342362540564,True
6,0.0838,0.08986195083621032,0.08154634263956764,0.098177559032853,0.016631216393285353,True
6,0.0846,0.08914234940493976,0.07981068272000137,0.09847401608987814,0.018663333369876772,True
6,0.0872,0.08824504364772308,0.07913130665827241,0.09735878063717375,0.018227473978901343,True
6,0.0862,0.08607725200663019,0.07603213416567994,0.09612236984758044,0.020090235681900492,True
6,0.0886,0.09036521451996947,0.0805335143214692,0.10019691471846974,0.01966340039700054,True
6,0.0834,0.08938136988465534,0.08038169683448901,0.09838104293482167,0.017999346100332658,True
6,0.079,0.08894327388885442,0.07977451766178903,0.09811203011591982,0.01833751245413079,False
6,0.0858,0.09241763634268318,0.0834964574298636,0.10133881525550277,0.01784235782563917,True
6,0.0862,0.08923796536749688,0.07999544678460865,0.09848048395038511,0.018485037165776458,True
6,0.0782,0.08823543172170173,0.0792721931689032,0.09719867027450026,0.017926477105597055,False
7,0.3806,0.21504982706523015,0.10995732089432628,0.32014233323613406,0.21018501234180778,False
7,0.377,0.20139937629522262,0.08143951051982204,0.32135924207062316,0.23991973155080112,False
7,0.3674,0.20047338257827843,0.08037171359666301,0.32057505155989385,0.24020333796323085,False
7,0.3644,0.2103828003046924,0.101218231021683,0.3195473695877018,0.21832913856601882,False
7,0.3676,0.21243621310677444,0.10480465807798756,0.3200677681355613,0.21526311005757376,False
7,0.363,0.19805427965243894,0.07624370080104537,0.3198648585038325,0.24362115770278714,False
7,0.3622,0.21311749352115603,0.10860178192997659,0.31763320511233545,0.20903142318235884,False
7,0.3562,0.2084159199530702,0.097467864213934,0.3193639756922064,0.22189611147827243,False
7,0.3548,0.21271911934557977,0.10321667551253644,0.3222215631786231,0.21900488766608667,False
7,0.3528,0.209938830414541,0.09897827608440628,0.3208993847446757,0.22192110866026943,False
7,0.3496,0.22434914392350216,0.13632959744672982,0.3123686904002745,0.17603909295354467,False
7,0.3496,0.2262208075780021,0.14073116674440642,0.3117104484115978,0.17097928166719137,False
7,0.3564,0.2289935039780916,0.14409331601237718,0.313893691943806,0.16980037593142883,False
7,0.346,0.2225203770537382,0.12978851130488955,0.31525224280258685,0.1854637314976973,False
7,0.3376,0.2275354782440183,0.14938126990394696,0.3056896865840896,0.15630841668014267,False
7,0.3366,0.22362992648930324,0.13183262263525458,0.3154272303433519,0.18359460770809732,False
7,0.3458,0.22678311683101549,0.14448984862236164,0.30907638503966933,0.1645865364173077,False
7,0.337,0.22896367223779598,0.14789863868386455,0.3100287057917274,0.16213006710786287,False
7,0.3392,0.22815206871091667,0.14704116681119173,0.3092629706106416,0.1622218037994499,False
7,0.3356,0.22453394843761434,0.13687538096572033,0.31219251590950836,0.17531713494378803,False
8,0.2578,0.3120372730129304,0.16721855489025542,0.4568559911356054,0.28963743624535,True
8,0.2592,0.3106471233861987,0.16385165315372302,0.4574425936186744,0.2935909404649514,True
8,0.2534,0.3066199031818135,0.1562450823282064,0.4569947240354205,0.3007496417072141,True
8,0.2526,0.31604151780469486,0.1776335062650389,0.4544495293443508,0.27681602307931186,True
8,0.2438,0.30453113142356725,0.1549068349865897,0.4541554278605448,0.2992485928739551,True
8,0.2334,0.31053355663730925,0.16377447148670377,0.45729264178791473,0.29351817030121097,True
8,0.241,0.3029620998168043,0.14952190227179737,0.45640229736181115,0.30688039509001375,True
8,0.2466,0.3106861805293205,0.16666635729617982,0.4547060037624612,0.28803964646628133,True
8,0.2434,0.30705682737085244,0.15871160413487367,0.4554020506068312,0.2966904464719575,True
8,0.2594,0.30551529404199346,0.1541438688479423,0.4568867192360446,0.30274285038810234,True
8,0.247,0.3067576291602663,0.15806163295234624,0.45545362536818634,0.29739199241584013,True
8,0.2302,0.316832364219935,0.17858985797839716,0.4550748704614728,0.27648501248307567,True
8,0.2434,0.30844002963085776,0.16220350857431726,0.45467655068739826,0.292473042113081,True
8,0.2352,0.30548516211133875,0.15632350560385244,0.45464681861882505,0.2983233130149726,True
8,0.237,0.31055163534010705,0.16796885850984786,0.4531344121703662,0.2851655536605183,True
8,0.2398,0.30902800072278125,0.16476263158626156,0.4532933698593009,0.2885307382730393,True
8,0.2232,0.31196952739125006,0.16882190288578883,0.4551171518967113,0.2862952490109225,True
8,0.2296,0.30858664661972546,0.1636423849250781,0.4535309083143728,0.2898885233892947,True
8,0.2232,0.31255952160707595,0.1714385429303114,0.4536805002838405,0.2822419573535291,True
8,0.2316,0.31539093284678343,0.17861267939334993,0.45216918630021696,0.27355650690686706,True
9,0.096,0.0900892104357583,0.044223790576913224,0.13595463029460336,0.09173083971769014,True
9,0.0998,0.09115972589814182,0.055318898337885336,0.1270005534583983,0.07168165512051297,True
9,0.094,0.09027880221632278,0.07670002759823492,0.10385757683441064,0.02715754923617572,True
9,0.0954,0.09033562901278408,0.061809672831292614,0.11886158519427555,0.05705191236298293,True
9,0.096,0.09121986258487859,0.04610392743294398,0.1363357977368132,0.09023187030386923,True
9,0.0966,0.09223439347235482,0.05258759415351922,0.13188119279119043,0.07929359863767121,True
9,0.0842,0.08931031381265128,0.0535831520535158,0.12503747557178677,0.07145432351827097,True
9,0.085,0.09088541401984129,0.05111458190418725,0.13065624613549534,0.0795416642313081,True
9,0.0866,0.09184871255171906,0.04659991752115565,0.13709750758228245,0.0904975900611268,True
9,0.0824,0.09442095657804522,0.03883913457116211,0.15000277858492833,0.11116364401376622,True
9,0.078,0.09649292061719866,0.02534546621934372,0.1676403750150536,0.14229490879570988,True
9,0.081,0.0914670538121088,0.05059727997093278,0.13233682765328483,0.08173954768235206,True
9,0.0814,0.09328082466839077,0.05424896094360111,0.13231268839318044,0.07806372744957933,True
9,0.0746,0.09335651315525993,0.05255522042368079,0.13415780588683907,0.08160258546315827,True
9,0.0774,0.09453682229737591,0.050208405724371526,0.1388652388703803,0.08865683314600878,True
9,0.0826,0.09206945876095535,0.05195523079425386,0.13218368672765685,0.08022845593340298,True
9,0.0726,0.09013341053787903,0.054278520725304834,0.12598830035045322,0.07170977962514838,True
9,0.0774,0.0919712912752302,0.03676491003849489,0.1471776725119655,0.11041276247347062,True
9,0.074,0.09512553171031875,0.0177732939148159,0.1724777695058216,0.1547044755910057,True
9,0.0756,0.09071836065998458,0.04262908439354556,0.1388076369264236,0.09617855253287802,True
10,0.0978,0.08934615419332903,0.03592566476637392,0.14276664362028413,0.10684097885391021,True
10,0.089,0.0866802464910164,0.04574036573770706,0.12762012724432573,0.08187976150661866,True
10,0.0944,0.09046103827756675,0.030541733654977463,0.15038034290015606,0.1198386092451786,True
10,0.076,0.08654943694391555,0.052832296008423284,0.12026657787940781,0.06743428187098452,True
10,0.0824,0.08423838353584374,0.07415054956814124,0.09432621750354625,0.02017566793540501,True
10,0.085,0.08685150165097257,0.0732822530927483,0.10042075020919683,0.02713849711644853,True
10,0.0786,0.09028459138129831,0.039410008218492276,0.14115917454410434,0.10174916632561207,True
10,0.0736,0.08702598413592819,0.0739056727153517,0.10014629555650467,0.026240622841152972,False
10,0.0794,0.0844158809815928,0.07165074982511951,0.0971810121380661,0.025530262312946583,True
10,0.0776,0.0895063250963967,0.03923892685503631,0.13977372333775706,0.10053479648272075,True
10,0.07,0.0869679414256253,0.054677012094245775,0.11925887075700484,0.06458185866275906,True
10,0.076,0.08590649970130382,0.07371701967254968,0.09809597973005796,0.02437896005750828,True
10,0.078,0.08979592460005499,0.039977449846792946,0.13961439935331704,0.0996369495065241,True
10,0.0744,0.09016618233304442,0.04032660274053613,0.14000576192555272,0.0996791591850166,True
10,0.0738,0.08687248822017744,0.05748209626249051,0.11626288017786438,0.05878078391537386,True
10,0.066,0.08562225256926118,0.07340250545668442,0.09784199968183793,0.024439494225153513,False
10,0.0732,0.08583304323311002,0.07300913803067723,0.0986569484355428,0.02564781040486558,True
10,0.0726,0.0860265013734745,0.07320622605301552,0.09884677669393349,0.02564055064091797,False
10,0.0732,0.08696970918112214,0.056592154399410774,0.1173472639628335,0.06075510956342273,True
10,0.0742,0.08529443534638773,0.0734442144761366,0.09714465621663886,0.02370044174050226,True
11,0.1136,0.0986468605090123,0.06804448157466678,0.1292492394433578,0.061204757868691034,True
11,0.1122,0.09566814196788455,0.0648296160108392,0.1265066679249299,0.0616770519140907,True
11,0.111,0.10038856716984673,0.07961603153674311,0.12116110280295035,0.04154507126620724,True
11,0.1058,0.09582650185595448,0.06572847202463411,0.12592453168727485,0.060196059662640744,True
11,0.1106,0.10091787011073866,0.0755763280825191,0.12625941213895822,0.05068308405643912,True
11,0.1026,0.10021412012689314,0.087635223615349,0.11279301663843727,0.025157793023088265,True
11,0.1074,0.10294061303907245,0.06964161645854094,0.13623960961960396,0.06659799316106302,True
11,0.122,0.09948990576772071,0.07880029454055179,0.12017951699488963,0.04137922245433784,False
11,0.1002,0.09913943848092298,0.07872215055438546,0.1195567264074605,0.04083457585307504,True
11,0.1084,0.10011341935963014,0.07974557892116654,0.12048125979809374,0.040735680876927194,True
11,0.1108,0.09916868397176148,0.08615992899168183,0.11217743895184114,0.026017509960159307,True
11,0.1168,0.09944261002517987,0.08544178207313065,0.1134434379772291,0.02800165590409845,False
11,0.1102,0.09846161206270572,0.08583616689940679,0.11108705722600465,0.025250890326597858,True
11,0.1072,0.09886466489743401,0.08466016535228733,0.11306916444258068,0.028408999090293346,True
11,0.1054,0.10023758345346283,0.07866900123383963,0.12180616567308603,0.043137164439246395,True
11,0.103,0.09950326791781464,0.08625919523227783,0.11274734060335144,0.026488145371073607,True
11,0.1016,0.0972296985672169,0.08288423962607243,0.11157515750836138,0.028690917882288947,True
11,0.106,0.10014326502674513,0.08650733667754702,0.11377919337594324,0.027271856698396213,True
11,0.1034,0.09945565510806859,0.08694006068563764,0.11197124953049953,0.025031188844861885,True
11,0.1082,0.10037968484569351,0.08065211940860018,0.12010725028278685,0.03945513087418667,True
12,0.1022,0.10832345244976514,0.09514992813027079,0.1214969767692595,0.026347048638988707,True
12,0.1066,0.10700630019739732,0.09630381391569214,0.1177087864791025,0.021404972563410368,True
12,0.102,0.10632472919221041,0.09669563778509212,0.1159538205993287,0.01925818281423658,True
12,0.1022,0.10561867785948341,0.09567288644007532,0.1155644692788915,0.019891582838816174,True
12,0.1014,0.10440267835149725,0.0941436926058516,0.11466166409714289,0.02051797149129128,True
12,0.0928,0.10469570245670971,0.09565716131429727,0.11373424359912215,0.01807708228482488,False
12,0.0964,0.10444205551314666,0.09505065418637366,0.11383345683991965,0.018782802653545982,True
12,0.0968,0.10529362714820227,0.09662280628612105,0.11396444801028349,0.017341641724162443,True
12,0.0988,0.1044344129955148,0.09475043594888258,0.11411839004214702,0.019367954093264445,True
12,0.089,0.10419224972151044,0.0944141256949686,0.11397037374805227,0.019556248053083675,False
12,0.0898,0.10413274166072173,0.09431927885257382,0.11394620446886963,0.01962692561629581,False
12,0.0928,0.10519900824615554,0.09194926622752451,0.11844875026478656,0.026499484037262044,True
12,0.0972,0.102888536519131,0.09110409040728965,0.11467298263097236,0.02356889222368272,True
12,0.094,0.10182803200447578,0.08976768833749915,0.11388837567145241,0.024120687333953256,True
12,0.0866,0.10270636784292084,0.09179141556218204,0.11362132012365964,0.021829904561477598,False
12,0.0864,0.10136511268389603,0.0877940064044624,0.11493621896332966,0.027142212558867257,False
12,0.0836,0.09257888880991605,0.07944942399919735,0.10570835362063474,0.026258929621437388,True
12,0.08,0.09348186754976295,0.05885659853619841,0.1281071365633275,0.0692505380271291,True
12,0.0796,0.09135145421774794,0.0778921108041251,0.10481079763137079,0.026918686827245686,True
12,0.0838,0.09204756410680578,0.07768075282468702,0.10641437538892455,0.028733622564237532,True
13,0.1062,0.1045643712829685,0.09156012032400895,0.11756862224192804,0.02600850191791909,True
13,0.103,0.10385461875267475,0.09287353669227286,0.11483570081307665,0.02196216412080379,True
13,0.0994,0.10555371253046544,0.0935429751557233,0.11756444990520759,0.024021474749484295,True
13,0.1004,0.10686981935918556,0.0960910151011852,0.11764862361718592,0.02155760851600072,True
13,0.0902,0.10571942681259555,0.09523599430620608,0.11620285931898502,0.020966865012778946,False
13,0.089,0.10617415034455668,0.0950139982051296,0.11733430248398377,0.022320304278854175,False
13,0.092,0.10584020506637032,0.09512274533564596,0.11655766479709467,0.02143491946144871,False
13,0.0888,0.10379352361259894,0.09237854826611175,0.11520849895908614,0.022829950692974388,False
13,0.0846,0.10446684736408698,0.09346319419574767,0.1154705005324263,0.022007306336678634,False
13,0.084,0.1049041882927039,0.09273968820029833,0.11706868838510946,0.024329000184811128,False
13,0.0866,0.10382367385955052,0.0932082795527564,0.11443906816634464,0.021230788613588236,False
13,0.0886,0.10380968958648498,0.09157998571786663,0.11603939345510333,0.024459407737236705,False
13,0.0832,0.10392543366261588,0.09198700932318916,0.11586385800204259,0.023876848678853424,False
13,0.0836,0.10219971159713863,0.08831441642921183,0.11608500676506543,0.027770590335853607,False
13,0.0818,0.0859609342213392,0.0731362603640034,0.098785608078675,0.02564934771467159,True
13,0.0868,0.09893171990548058,0.08629903262597402,0.11156440718498714,0.02526537455901312,True
13,0.0786,0.10147451319829737,0.08809404200939086,0.11485498438720387,0.026760942377813013,False
13,0.0782,0.10063013310498467,0.08876444838346757,0.11249581782650177,0.023731369443034195,False
13,0.0884,0.09773335864142142,0.08336026809605482,0.11210644918678803,0.028746181090733208,True
13,0.0858,0.08693284825312964,0.0745061156325277,0.09935958087373158,0.02485346524120388,True
14,0.1094,0.10228846626213242,0.09086662758390213,0.11371030494036272,0.02284367735646059,True
14,0.1212,0.10251880493479755,0.09120794441301364,0.11382966545658146,0.022621721043567827,False
14,0.1074,0.10152073775781188,0.08319080426616982,0.11985067124945395,0.036659866983284134,True
14,0.1086,0.10066200725592235,0.07932376528918428,0.12200024922266042,0.042676483933476145,True
14,0.1058,0.10200554177802473,0.082337598742891,0.12167348481315847,0.03933588607026747,True
14,0.104,0.105545275884792,0.06578299786319997,0.14530755390638403,0.07952455604318406,True
14,0.1036,0.10116011687119492,0.08131945700034521,0.12100077674204462,0.03968131974169942,True
14,0.113,0.10084127591428603,0.08897697475834837,0.11270557707022369,0.02372860231187532,False
14,0.1072,0.10277715262202124,0.07320086712692178,0.1323534381171207,0.05915257099019891,True
14,0.1024,0.10137560504437274,0.0755879939072313,0.12716321618151416,0.051575222274282864,True
14,0.1052,0.12512680152699557,0.022758178573798457,0.22749542448019267,0.2047372459063942,True
14,0.106,0.12735183169358794,0.01839899987731336,0.2363046635098625,0.21790566363254915,True
14,0.1,0.12904569879584918,0.011486313567921819,0.24660508402377654,0.23511877045585472,True
14,0.099,0.1248904907450968,0.02505522131067324,0.22472576017952034,0.19967053886884711,True
14,0.1076,0.12691655986128497,0.018103367433761952,0.235729752288808,0.21762638485504604,True
14,0.103,0.1283608532995902,0.01892679964585782,0.23779490695332262,0.2188681073074648,True
14,0.1064,0.12795709205063718,0.016356289628482956,0.2395578944727914,0.22320160484430845,True
14,0.1082,0.12650801233934172,0.017546848447452704,0.23546917623123076,0.21792232778377807,True
14,0.105,0.12401944977401141,0.02552139038828996,0.22251750915973287,0.1969961187714429,True
14,0.1046,0.12456808772870218,0.015832352359450158,0.2333038230979542,0.21747147073850404,True
15,0.1048,0.09503704786908376,0.08476775617164668,0.10530633956652084,0.02053858339487416,True
15,0.1162,0.09443608742419983,0.08293148322989533,0.10594069161850433,0.02300920838860901,False
15,0.108,0.09383454118218941,0.08345646888737546,0.10421261347700336,0.020756144589627906,False
15,0.1036,0.09122317302030701,0.0781823879725557,0.10426395806805833,0.026081570095502632,True
15,0.1024,0.0925962161903188,0.08248793406448472,0.10270449831615287,0.02021656425166815,True
15,0.0992,0.09325806087404534,0.08248397223483034,0.10403214951326034,0.021548177278430003,True
15,0.1066,0.09012067807253574,0.07780811497957509,0.10243324116549639,0.024625126185921303,False
15,0.102,0.09250378472377634,0.08120557718084394,0.10380199226670873,0.022596415085864796,True
15,0.094,0.09288813788418387,0.08265224180163379,0.10312403396673396,0.020471792165100172,True
15,0.1072,0.09230932492739247,0.081296251125115,0.10332239872966993,0.02202614760455493,False
15,0.1078,0.09116860247586336,0.08034920721123019,0.10198799774049654,0.021638790529266344,False
15,0.1008,0.09071066086237972,0.07831856120980511,0.10310276051495433,0.024784199305149218,True
15,0.1058,0.09278379000459683,0.08226592695836502,0.10330165305082864,0.021035726092463625,False
15,0.1058,0.09339695259236055,0.08310776428554165,0.10368614089917946,0.020578376613637817,False
15,0.1018,0.09394577806573924,0.07226860411464986,0.11562295201682862,0.043354347902178764,True
15,0.0982,0.09197876896160682,0.0808310911147886,0.10312644680842505,0.022295355693636443,True
15,0.0956,0.09369355069302583,0.07269973717868114,0.11468736420737052,0.041987627028689384,True
15,0.0946,0.09023921370447803,0.06882649934997512,0.11165192805898094,0.042825428709005825,True
15,0.0942,0.09050175305094045,0.0785329027621197,0.1024706033397612,0.023937700577641496,True
15,0.0942,0.09441823691900916,0.058923084595301385,0.12991338924271695,0.07099030464741557,True
16,0.1154,0.10090972619975024,0.08092693831445189,0.12089251408504859,0.0399655757705967,True
16,0.1116,0.1030249307120008,0.07373405546836338,0.13231580595563824,0.05858175048727486,True
16,0.1018,0.1008640062843009,0.0797484887672808,0.12197952380132099,0.04223103503404019,True
16,0.1094,0.10048116605640037,0.0895606990181364,0.11140163309466433,0.02184093407652793,True
16,0.1038,0.09975335870680219,0.08912208061262468,0.1103846368009797,0.021262556188355014,True
16,0.1052,0.10038780560526256,0.0902026260394104,0.11057298517111472,0.02037035913170432,True
16,0.1072,0.09894711402954438,0.087319171456484,0.11057505660260476,0.02325588514612076,True
16,0.1044,0.09841488078638722,0.08631107383066561,0.11051868774210882,0.024207613911443215,True
16,0.1016,0.0991998098741318,0.08689783649128448,0.11150178325697911,0.024603946765694634,True
16,0.1066,0.09866564933448123,0.08584142219347023,0.11148987647549223,0.025648454282022004,True
16,0.1044,0.09690009789334546,0.08290223295706611,0.1108979628296248,0.02799572987255869,True
16,0.098,0.09335339261990151,0.07881725269351543,0.1078895325462876,0.029072279852772165,True
16,0.0986,0.09082013013355665,0.07622093426764887,0.10541932599946444,0.02919839173181557,True
16,0.0922,0.08659741249719909,0.07333640437160945,0.09985842062278873,0.02652201625117928,True
16,0.092,0.08629624531392517,0.07481575482601986,0.09777673580183048,0.02296098097581062,True
16,0.0936,0.09228075792597615,0.07686679599389695,0.10769471985805534,0.03082792386415839,True
16,0.0916,0.08725249205301465,0.07311442656343128,0.10139055754259801,0.02827613097916673,True
16,0.0916,0.0872292029820854,0.0739247809845439,0.10053362497962691,0.02660884399508301,True
16,0.0946,0.08822139012153134,0.07624635785269954,0.10019642239036314,0.0239500645376636,True
16,0.0916,0.08599538931455201,0.07533502982383053,0.0966557488052735,0.02132071898144297,True
