modality,channel,freq_bin,importance
ae_spec,0,0,3.659726644400507e-05
ae_spec,0,1,5.5009211791912094e-05
ae_spec,0,2,5.1099857955705374e-05
ae_spec,0,3,1.4845715668343473e-05
ae_spec,0,4,3.5438228223938495e-05
ae_spec,0,5,2.3511678591603413e-05
ae_spec,0,6,4.333040851633996e-05
ae_spec,0,7,2.3249993319041096e-05
ae_spec,0,8,3.269764420110732e-05
ae_spec,0,9,6.0841834056191146e-05
ae_spec,0,10,6.994552677497268e-05
ae_spec,0,11,2.1167528757359833e-05
ae_spec,0,12,2.0099632820347324e-05
ae_spec,0,13,3.40905535267666e-05
ae_spec,0,14,2.1980788005748764e-05
ae_spec,0,15,2.1571586330537684e-05
ae_spec,0,16,3.164985901094042e-05
ae_spec,0,17,3.5869426938006654e-05
ae_spec,0,18,1.9362516468390822e-05
ae_spec,0,19,3.789349284488708e-05
ae_spec,0,20,1.5624875231878832e-05
ae_spec,0,21,3.4171091101597995e-05
ae_spec,0,22,1.1917297342733946e-05
ae_spec,0,23,1.9426393919275142e-05
ae_spec,0,24,1.799809433578048e-05
ae_spec,0,25,2.4520048100384884e-05
ae_spec,0,26,2.059535836451687e-05
ae_spec,0,27,2.399623190285638e-05
ae_spec,0,28,5.3432635468197986e-05
ae_spec,0,29,1.8510385416448116e-05
ae_spec,0,30,1.546436033095233e-05
ae_spec,0,31,1.5035101569083054e-05
ae_spec,0,32,1.7676828065305017e-05
ae_spec,0,33,3.068803925998509e-05
ae_spec,0,34,7.90395206422545e-05
ae_spec,0,35,1.4661418390460312e-05
ae_spec,0,36,2.059663529507816e-05
ae_spec,0,37,2.2934400476515293e-05
ae_spec,0,38,2.5615245249355212e-05
ae_spec,0,39,2.0951372789568268e-05
ae_spec,0,40,2.0217123164911754e-05
ae_spec,0,41,2.446698272251524e-05
ae_spec,0,42,1.5481497030123137e-05
ae_spec,0,43,1.4624085451941937e-05
ae_spec,0,44,4.0700429963180795e-05
ae_spec,0,45,2.9391527277766727e-05
ae_spec,0,46,2.559612948971335e-05
ae_spec,0,47,4.113754766876809e-05
ae_spec,0,48,3.675061816466041e-05
ae_spec,0,49,2.1998908778186888e-05
ae_spec,0,50,1.9263383364886977e-05
ae_spec,0,51,1.6221700207097456e-05
ae_spec,0,52,3.854711030726321e-05
ae_spec,0,53,4.289269054424949e-05
ae_spec,0,54,1.4827905033598654e-05
ae_spec,0,55,1.2926367162435781e-05
ae_spec,0,56,1.2168048669991549e-05
ae_spec,0,57,1.728429015201982e-05
ae_spec,0,58,1.176769092126051e-05
ae_spec,0,59,1.7396103430655785e-05
ae_spec,0,60,1.1211544915568084e-05
ae_spec,0,61,1.1060754331992939e-05
ae_spec,0,62,9.968812264560256e-06
ae_spec,0,63,1.1982227988482919e-05
ae_spec,0,64,1.437655373592861e-05
ae_spec,0,65,1.351136506855255e-05
ae_spec,0,66,1.3482031135936268e-05
ae_spec,0,67,1.5847037502680905e-05
ae_spec,0,68,3.2272597309201956e-05
ae_spec,0,69,2.8715077860397287e-05
ae_spec,0,70,1.687670373939909e-05
ae_spec,0,71,3.243807077524252e-05
ae_spec,0,72,1.514807081548497e-05
ae_spec,0,73,1.7383323211106472e-05
ae_spec,0,74,4.046147296321578e-05
ae_spec,0,75,1.8694594473345205e-05
ae_spec,0,76,5.750126365455799e-05
ae_spec,0,77,3.1549065170111135e-05
ae_spec,0,78,1.2463873645174317e-05
ae_spec,0,79,1.1930077562283259e-05
ae_spec,0,80,1.311799951508874e-05
ae_spec,0,81,3.18739766953513e-05
ae_spec,0,82,1.2240058822499122e-05
ae_spec,0,83,2.4151371690095402e-05
ae_spec,0,84,1.2985376997676212e-05
ae_spec,0,85,3.838658085442148e-05
ae_spec,0,86,5.0184622523374856e-05
ae_spec,0,87,5.011386383557692e-05
ae_spec,0,88,1.015220277622575e-05
ae_spec,0,89,3.653459862107411e-05
ae_spec,0,90,2.8080308766220696e-05
ae_spec,0,91,1.3601001228380483e-05
ae_spec,0,92,3.66550448234193e-05
ae_spec,0,93,7.130193989723921e-05
ae_spec,0,94,6.111484253779054e-05
ae_spec,0,95,1.693184458417818e-05
ae_spec,0,96,1.630228325666394e-05
ae_spec,0,97,1.5243083907989785e-05
ae_spec,0,98,2.511998900445178e-05
ae_spec,0,99,3.520647078403272e-05
ae_spec,0,100,2.0660931113525294e-05
ae_spec,0,101,1.9108156266156584e-05
ae_spec,0,102,1.11121871668729e-05
ae_spec,0,103,1.1776648534578271e-05
ae_spec,0,104,1.8064241885440424e-05
ae_spec,0,105,3.425413524382748e-05
ae_spec,0,106,1.0898175787588116e-05
ae_spec,0,107,8.79264098330168e-06
ae_spec,0,108,1.8787241060636006e-05
ae_spec,0,109,1.7345462765661068e-05
ae_spec,0,110,1.603498458280228e-05
ae_spec,0,111,2.574941754573956e-05
ae_spec,0,112,1.098909524444025e-05
ae_spec,0,113,3.1416620913660154e-05
ae_spec,0,114,4.316578997531906e-05
ae_spec,0,115,1.6372650861740112e-05
ae_spec,0,116,1.2082253306289203e-05
ae_spec,0,117,2.1030557036283426e-05
ae_spec,0,118,2.132044028257951e-05
ae_spec,0,119,2.1395255316747352e-05
ae_spec,0,120,4.51106097898446e-05
ae_spec,0,121,1.209852325700922e-05
ae_spec,0,122,1.6863568816916086e-05
ae_spec,0,123,4.538577195489779e-05
ae_spec,0,124,3.649004065664485e-05
ae_spec,0,125,4.455799353308976e-05
ae_spec,0,126,4.0715905925026163e-05
ae_spec,0,127,1.920612521644216e-05
ae_spec,0,128,2.788469282677397e-05
ae_spec,0,129,1.573017107148189e-05
ae_spec,0,130,1.1681297110044397e-05
ae_spec,0,131,1.509167213953333e-05
ae_spec,0,132,1.5427100152010098e-05
ae_spec,0,133,1.3488248441717587e-05
ae_spec,0,134,1.3626742656924762e-05
ae_spec,0,135,2.236617547168862e-05
ae_spec,0,136,1.9633376723504625e-05
ae_spec,0,137,1.9441247786744498e-05
ae_spec,0,138,1.8505665138945915e-05
ae_spec,0,139,2.7308713470119983e-05
ae_spec,0,140,2.4598468371550553e-05
ae_spec,0,141,1.5676689145038836e-05
ae_spec,0,142,1.9658235032693483e-05
ae_spec,0,143,2.104371742461808e-05
ae_spec,0,144,3.074824780924246e-05
ae_spec,0,145,1.3080277312838007e-05
ae_spec,0,146,2.1080491933389567e-05
ae_spec,0,147,4.4273503590375185e-05
ae_spec,0,148,8.94635813892819e-05
ae_spec,0,149,4.27580343966838e-05
ae_spec,0,150,1.0766773812065367e-05
ae_spec,0,151,9.930383384926245e-06
ae_spec,0,152,3.8956648495513946e-05
ae_spec,0,153,5.772359509137459e-05
ae_spec,0,154,4.8357884224969894e-05
ae_spec,0,155,2.3762331693433225e-05
ae_spec,0,156,1.7350463167531416e-05
ae_spec,0,157,2.933865471277386e-05
ae_spec,0,158,1.580673415446654e-05
ae_spec,0,159,1.5408062608912587e-05
ae_spec,0,160,1.4005206139700022e-05
ae_spec,0,161,1.4806036233494524e-05
ae_spec,0,162,5.607736966339871e-05
ae_spec,0,163,4.362174877314828e-05
ae_spec,0,164,2.1504458345589228e-05
ae_spec,0,165,1.48969775182195e-05
ae_spec,0,166,2.6054212867165916e-05
ae_spec,0,167,2.1209969418123364e-05
ae_spec,0,168,2.8936174203408882e-05
ae_spec,0,169,4.585793794831261e-05
ae_spec,0,170,3.1623181712348014e-05
ae_spec,0,171,1.6964246242423542e-05
ae_spec,0,172,3.748432936845347e-05
ae_spec,0,173,5.207703361520544e-05
ae_spec,0,174,1.7056883734767325e-05
ae_spec,0,175,1.766223977028858e-05
ae_spec,0,176,1.2880784197477624e-05
ae_spec,0,177,5.137213520356454e-05
ae_spec,0,178,3.897679926012643e-05
ae_spec,0,179,3.351284613017924e-05
ae_spec,0,180,2.676565600268077e-05
ae_spec,0,181,1.2043911738146562e-05
ae_spec,0,182,1.5649837223463692e-05
ae_spec,0,183,1.2702495951089077e-05
ae_spec,0,184,1.4358442967932206e-05
ae_spec,0,185,1.9893032003892586e-05
ae_spec,0,186,1.659587724134326e-05
ae_spec,0,187,1.3196183317631949e-05
ae_spec,0,188,1.2005625649180729e-05
ae_spec,0,189,1.1122689102194272e-05
ae_spec,0,190,1.2745721505780239e-05
ae_spec,0,191,1.1120361705252435e-05
ae_spec,0,192,1.1906950021511875e-05
ae_spec,0,193,1.278794115933124e-05
ae_spec,0,194,1.1577374607441016e-05
ae_spec,0,195,4.962871389579959e-05
ae_spec,0,196,3.8854774174978957e-05
ae_spec,0,197,1.639697620703373e-05
ae_spec,0,198,2.2958349291002378e-05
ae_spec,0,199,4.127817737753503e-05
ae_spec,0,200,1.4071747500565834e-05
ae_spec,0,201,1.326511937804753e-05
ae_spec,0,202,1.4679349988000467e-05
ae_spec,0,203,2.4729375581955537e-05
ae_spec,0,204,2.6967663870891556e-05
ae_spec,0,205,1.6167115973075852e-05
ae_spec,0,206,1.9820145098492503e-05
ae_spec,0,207,1.2003649317193776e-05
ae_spec,0,208,1.16070177682559e-05
ae_spec,0,209,1.1766481293307152e-05
ae_spec,0,210,2.6928712031804025e-05
ae_spec,0,211,1.8025892131845467e-05
ae_spec,0,212,1.904836062749382e-05
ae_spec,0,213,1.8695154722081497e-05
ae_spec,0,214,1.8949975128634833e-05
ae_spec,0,215,1.7412396118743345e-05
ae_spec,0,216,2.3520626200479455e-05
ae_spec,0,217,3.244358958909288e-05
ae_spec,0,218,1.8605964214657433e-05
ae_spec,0,219,3.130598634015769e-05
ae_spec,0,220,1.6743335436331108e-05
ae_spec,0,221,1.3475370906235185e-05
ae_spec,0,222,1.2538363989733625e-05
ae_spec,0,223,1.7055770513252355e-05
ae_spec,0,224,1.834828799474053e-05
ae_spec,0,225,1.5714285837020725e-05
ae_spec,0,226,3.7830763176316395e-05
ae_spec,0,227,1.6639323803246953e-05
ae_spec,0,228,3.1155832402873784e-05
ae_spec,0,229,1.541323581477627e-05
ae_spec,0,230,3.609076884458773e-05
ae_spec,0,231,4.3064570490969345e-05
ae_spec,0,232,1.5482080925721675e-05
ae_spec,0,233,1.7460817616665736e-05
ae_spec,0,234,1.409447031619493e-05
ae_spec,0,235,1.4949527212593239e-05
ae_spec,0,236,2.6692281608120538e-05
ae_spec,0,237,1.2130006325605791e-05
ae_spec,0,238,2.0376090105855837e-05
ae_spec,0,239,2.2351992811309174e-05
ae_spec,0,240,8.837879249767866e-06
ae_spec,0,241,3.499004014884122e-05
ae_spec,0,242,1.081789469026262e-05
ae_spec,0,243,2.7323812901158817e-05
ae_spec,0,244,2.45872579398565e-05
ae_spec,0,245,1.5222245565382764e-05
ae_spec,0,246,2.6193099984084256e-05
ae_spec,0,247,6.156221206765622e-05
ae_spec,0,248,1.3777797903458122e-05
ae_spec,0,249,1.89522670552833e-05
ae_spec,0,250,1.4165046195557807e-05
ae_spec,0,251,1.3666282029589638e-05
ae_spec,0,252,4.3001051380997524e-05
ae_spec,0,253,4.213560532662086e-05
ae_spec,0,254,1.3397951079241466e-05
ae_spec,0,255,1.648618490435183e-05
ae_spec,0,256,2.2157548301038332e-05
ae_spec,0,257,1.4644361726823263e-05
ae_spec,0,258,2.1276138795656152e-05
ae_spec,0,259,1.0277897672494873e-05
ae_spec,0,260,2.7330419470672496e-05
ae_spec,0,261,2.5923029170371592e-05
ae_spec,0,262,9.030803084897343e-06
ae_spec,0,263,1.625995173526462e-05
ae_spec,0,264,4.2794912587851286e-05
ae_spec,0,265,4.3167496187379584e-05
ae_spec,0,266,3.5800665500573814e-05
ae_spec,0,267,1.5702349628554657e-05
ae_spec,0,268,1.294102821702836e-05
ae_spec,0,269,1.0930559255939443e-05
ae_spec,0,270,1.978936961677391e-05
ae_spec,0,271,1.1567560250114184e-05
ae_spec,0,272,2.7989466616418213e-05
ae_spec,0,273,1.1814528988907114e-05
ae_spec,0,274,1.1899202945642173e-05
ae_spec,0,275,4.981451638741419e-05
ae_spec,0,276,6.802520510973409e-05
ae_spec,0,277,3.864545942633413e-05
ae_spec,0,278,1.6677138773957267e-05
ae_spec,0,279,2.154367757611908e-05
ae_spec,0,280,1.950212572410237e-05
ae_spec,0,281,1.3102964658173732e-05
ae_spec,0,282,1.3014825526624918e-05
ae_spec,0,283,1.5509960576309822e-05
ae_spec,0,284,1.708263334876392e-05
ae_spec,0,285,2.3419544959324412e-05
ae_spec,0,286,2.6306131985620596e-05
ae_spec,0,287,1.2453970157366712e-05
ae_spec,0,288,3.524183193803765e-05
ae_spec,0,289,3.897048009093851e-05
ae_spec,0,290,3.0416771551244892e-05
ae_spec,0,291,3.281359022366814e-05
ae_spec,0,292,2.6146257368964143e-05
ae_spec,0,293,2.7773297915700823e-05
ae_spec,0,294,3.851345172734e-05
ae_spec,0,295,2.689297980396077e-05
ae_spec,0,296,1.2564524695335422e-05
ae_spec,0,297,1.1404367796785664e-05
ae_spec,0,298,1.2586018783622421e-05
ae_spec,0,299,1.1908065062016249e-05
ae_spec,1,0,4.6534420107491314e-05
ae_spec,1,1,5.1072649512207136e-05
ae_spec,1,2,2.5070046831388026e-05
ae_spec,1,3,3.4424636396579444e-05
ae_spec,1,4,4.7680332500021905e-05
ae_spec,1,5,6.814031803514808e-05
ae_spec,1,6,4.9232763558393344e-05
ae_spec,1,7,1.8012928194366395e-05
ae_spec,1,8,2.3891852833912708e-05
ae_spec,1,9,2.836384555848781e-05
ae_spec,1,10,5.2657840569736436e-05
ae_spec,1,11,2.296408092661295e-05
ae_spec,1,12,3.209205897292122e-05
ae_spec,1,13,5.373524618335068e-05
ae_spec,1,14,2.6267727662343532e-05
ae_spec,1,15,2.1859594198758714e-05
ae_spec,1,16,3.235239637433551e-05
ae_spec,1,17,1.809979949030094e-05
ae_spec,1,18,2.0559220502036624e-05
ae_spec,1,19,2.6717838409240358e-05
ae_spec,1,20,2.6780062398756854e-05
ae_spec,1,21,3.091008693445474e-05
ae_spec,1,22,4.1721090383362025e-05
ae_spec,1,23,2.928028152382467e-05
ae_spec,1,24,5.4754025768488646e-05
ae_spec,1,25,1.5340758181991987e-05
ae_spec,1,26,2.6220737709081732e-05
ae_spec,1,27,1.509414960310096e-05
ae_spec,1,28,1.9701359633472748e-05
ae_spec,1,29,2.039356877503451e-05
ae_spec,1,30,1.3919636330683716e-05
ae_spec,1,31,1.6768774003139697e-05
ae_spec,1,32,1.9909166439902037e-05
ae_spec,1,33,1.957588756340556e-05
ae_spec,1,34,1.9724411686183885e-05
ae_spec,1,35,1.87543555512093e-05
ae_spec,1,36,2.3684096959186718e-05
ae_spec,1,37,2.046559347945731e-05
ae_spec,1,38,4.02364312321879e-05
ae_spec,1,39,1.2854421584052034e-05
ae_spec,1,40,1.8705293769016862e-05
ae_spec,1,41,1.7583402950549498e-05
ae_spec,1,42,3.2650357752572745e-05
ae_spec,1,43,2.7571462851483375e-05
ae_spec,1,44,1.7357335309498012e-05
ae_spec,1,45,2.372341441514436e-05
ae_spec,1,46,2.444261008349713e-05
ae_spec,1,47,2.9663251552847214e-05
ae_spec,1,48,2.343064443266485e-05
ae_spec,1,49,3.950250902562402e-05
ae_spec,1,50,1.4210818335413933e-05
ae_spec,1,51,2.5398201614734717e-05
ae_spec,1,52,2.8374768589856103e-05
ae_spec,1,53,1.2504367987276055e-05
ae_spec,1,54,2.4830571419443004e-05
ae_spec,1,55,1.3993587344884872e-05
ae_spec,1,56,1.1369817912054714e-05
ae_spec,1,57,2.7802807380794547e-05
ae_spec,1,58,3.6593086406355724e-05
ae_spec,1,59,1.6168647562153637e-05
ae_spec,1,60,1.2122057341912296e-05
ae_spec,1,61,1.914819767989684e-05
ae_spec,1,62,1.1285024811513722e-05
ae_spec,1,63,3.7257199437590316e-05
ae_spec,1,64,3.1943247449817136e-05
ae_spec,1,65,6.324033893179148e-05
ae_spec,1,66,6.885577749926597e-05
ae_spec,1,67,6.244539690669626e-05
ae_spec,1,68,2.5922317945514806e-05
ae_spec,1,69,2.3987215172383003e-05
ae_spec,1,70,3.378489782335237e-05
ae_spec,1,71,2.6291374524589628e-05
ae_spec,1,72,3.793936048168689e-05
ae_spec,1,73,3.468980867182836e-05
ae_spec,1,74,1.8600358089315705e-05
ae_spec,1,75,1.4068566088099033e-05
ae_spec,1,76,1.1467998774605803e-05
ae_spec,1,77,1.5302623069146648e-05
ae_spec,1,78,2.2430809622164816e-05
ae_spec,1,79,1.7665597624727525e-05
ae_spec,1,80,2.0126441086176783e-05
ae_spec,1,81,1.540378070785664e-05
ae_spec,1,82,1.781098762876354e-05
ae_spec,1,83,4.0261402318719774e-05
ae_spec,1,84,1.985120070457924e-05
ae_spec,1,85,2.3783226424711756e-05
ae_spec,1,86,2.4037964976741932e-05
ae_spec,1,87,2.4361548639717512e-05
ae_spec,1,88,2.8696533263428137e-05
ae_spec,1,89,3.9852144254837185e-05
ae_spec,1,90,2.52798454312142e-05
ae_spec,1,91,3.048547478101682e-05
ae_spec,1,92,5.089804108138196e-05
ae_spec,1,93,4.678837285609916e-05
ae_spec,1,94,3.600052514229901e-05
ae_spec,1,95,2.2584978069062345e-05
ae_spec,1,96,1.938455898198299e-05
ae_spec,1,97,2.3451455490430817e-05
ae_spec,1,98,1.893714397738222e-05
ae_spec,1,99,1.5383377103717066e-05
ae_spec,1,100,3.11038238578476e-05
ae_spec,1,101,3.744189234566875e-05
ae_spec,1,102,1.3380450582189951e-05
ae_spec,1,103,1.805563624657225e-05
ae_spec,1,104,2.138808304152917e-05
ae_spec,1,105,3.149981421302073e-05
ae_spec,1,106,2.650469286891166e-05
ae_spec,1,107,4.589643867802806e-05
ae_spec,1,108,5.0996644858969375e-05
ae_spec,1,109,5.452162804431282e-05
ae_spec,1,110,3.189813287463039e-05
ae_spec,1,111,2.9649776479345746e-05
ae_spec,1,112,5.1081631681881845e-05
ae_spec,1,113,2.6035000701085664e-05
ae_spec,1,114,2.5883780836011283e-05
ae_spec,1,115,1.845672886702232e-05
ae_spec,1,116,2.6956706278724596e-05
ae_spec,1,117,2.9222650482552126e-05
ae_spec,1,118,1.5911075024632737e-05
ae_spec,1,119,2.02632636501221e-05
ae_spec,1,120,1.991794488276355e-05
ae_spec,1,121,1.5546112990705296e-05
ae_spec,1,122,3.604525772971101e-05
ae_spec,1,123,5.017128205508925e-05
ae_spec,1,124,4.751883534481749e-05
ae_spec,1,125,1.4263594493968412e-05
ae_spec,1,126,2.104932354995981e-05
ae_spec,1,127,3.2595195079920813e-05
ae_spec,1,128,2.1825182557222433e-05
ae_spec,1,129,2.2320404241327196e-05
ae_spec,1,130,1.3211044461058918e-05
ae_spec,1,131,4.5922890421934426e-05
ae_spec,1,132,2.683971069927793e-05
ae_spec,1,133,1.3534000572690275e-05
ae_spec,1,134,1.4546648344548885e-05
ae_spec,1,135,2.350496652070433e-05
ae_spec,1,136,3.295867281849496e-05
ae_spec,1,137,1.9040129700442776e-05
ae_spec,1,138,2.0703546397271566e-05
ae_spec,1,139,1.828809399739839e-05
ae_spec,1,140,1.5074428119987715e-05
ae_spec,1,141,2.0188226699247025e-05
ae_spec,1,142,1.4760946214664727e-05
ae_spec,1,143,1.4592577826988418e-05
ae_spec,1,144,1.4285020370152779e-05
ae_spec,1,145,1.4978789295128081e-05
ae_spec,1,146,1.1551905117812566e-05
ae_spec,1,147,1.1630190783762373e-05
ae_spec,1,148,1.0132418537978083e-05
ae_spec,1,149,1.5821173292351887e-05
ae_spec,1,150,1.8107990399585105e-05
ae_spec,1,151,1.9236373191233724e-05
ae_spec,1,152,1.8877091861213557e-05
ae_spec,1,153,1.535915544081945e-05
ae_spec,1,154,1.1155341780977324e-05
ae_spec,1,155,1.5055800759000704e-05
ae_spec,1,156,1.6060968846431933e-05
ae_spec,1,157,2.286867493239697e-05
ae_spec,1,158,2.5720593839650974e-05
ae_spec,1,159,1.605290344741661e-05
ae_spec,1,160,1.9816985513898544e-05
ae_spec,1,161,1.8295995687367395e-05
ae_spec,1,162,2.2787455236539245e-05
ae_spec,1,163,2.22584367293166e-05
ae_spec,1,164,2.2308482584776357e-05
ae_spec,1,165,3.135109363938682e-05
ae_spec,1,166,1.281391359952977e-05
ae_spec,1,167,1.723269815556705e-05
ae_spec,1,168,1.2282987881917506e-05
ae_spec,1,169,1.3012086128583178e-05
ae_spec,1,170,2.856495302694384e-05
ae_spec,1,171,1.325401808571769e-05
ae_spec,1,172,1.1952909517276566e-05
ae_spec,1,173,1.908982994791586e-05
ae_spec,1,174,1.8753284166450612e-05
ae_spec,1,175,1.2414984666975215e-05
ae_spec,1,176,1.1506378541525919e-05
ae_spec,1,177,1.2138215424783994e-05
ae_spec,1,178,2.5721696147229522e-05
ae_spec,1,179,1.62792803166667e-05
ae_spec,1,180,1.595221874595154e-05
ae_spec,1,181,2.36530522670364e-05
ae_spec,1,182,5.126354153617285e-05
ae_spec,1,183,2.629531991260592e-05
ae_spec,1,184,1.2547760888992343e-05
ae_spec,1,185,1.4018615729582962e-05
ae_spec,1,186,1.7933100025402382e-05
ae_spec,1,187,1.5028691450424958e-05
ae_spec,1,188,1.0644982467056252e-05
ae_spec,1,189,1.5201361748040654e-05
ae_spec,1,190,1.3279352060635574e-05
ae_spec,1,191,1.1553549484233372e-05
ae_spec,1,192,1.2896440239273943e-05
ae_spec,1,193,1.1032759175577667e-05
ae_spec,1,194,1.625217919354327e-05
ae_spec,1,195,1.4215673218131997e-05
ae_spec,1,196,1.5090628039615694e-05
ae_spec,1,197,2.655922253325116e-05
ae_spec,1,198,2.438071896904148e-05
ae_spec,1,199,1.7058700905181468e-05
ae_spec,1,200,1.2770737157552503e-05
ae_spec,1,201,1.2468731256376486e-05
ae_spec,1,202,1.5079345757840201e-05
ae_spec,1,203,9.924231562763453e-06
ae_spec,1,204,1.2460329344321508e-05
ae_spec,1,205,1.682967740634922e-05
ae_spec,1,206,1.4046274372958578e-05
ae_spec,1,207,1.0212708730250597e-05
ae_spec,1,208,1.0589325938781258e-05
ae_spec,1,209,8.768331099417992e-06
ae_spec,1,210,8.95517132448731e-06
ae_spec,1,211,1.0263165677315556e-05
ae_spec,1,212,1.711297591100447e-05
ae_spec,1,213,1.2002298717561644e-05
ae_spec,1,214,1.8055161490337923e-05
ae_spec,1,215,1.2890465768577997e-05
ae_spec,1,216,1.0030120392912067e-05
ae_spec,1,217,1.0310222933185287e-05
ae_spec,1,218,1.4466040738625452e-05
ae_spec,1,219,1.565218553878367e-05
ae_spec,1,220,3.478574944892898e-05
ae_spec,1,221,3.829590423265472e-05
ae_spec,1,222,4.431709385244176e-05
ae_spec,1,223,2.911083538492676e-05
ae_spec,1,224,2.908243186539039e-05
ae_spec,1,225,1.1353525223967154e-05
ae_spec,1,226,1.5483270544791594e-05
ae_spec,1,227,1.011788936011726e-05
ae_spec,1,228,1.177167177957017e-05
ae_spec,1,229,8.961837011156604e-06
ae_spec,1,230,1.2344693459453993e-05
ae_spec,1,231,7.65787081036251e-06
ae_spec,1,232,1.7110245607909746e-05
ae_spec,1,233,2.9116346922819503e-05
ae_spec,1,234,1.6047453755163588e-05
ae_spec,1,235,8.252338375314139e-06
ae_spec,1,236,1.765734668879304e-05
ae_spec,1,237,9.735726052895188e-06
ae_spec,1,238,1.4161817489366513e-05
ae_spec,1,239,3.6866593291051686e-05
ae_spec,1,240,5.152771336724982e-05
ae_spec,1,241,2.333094016648829e-05
ae_spec,1,242,1.740931111271493e-05
ae_spec,1,243,1.4249027117330115e-05
ae_spec,1,244,1.4703478882438503e-05
ae_spec,1,245,1.1097657989012077e-05
ae_spec,1,246,1.5277599231922068e-05
ae_spec,1,247,1.3160545677237678e-05
ae_spec,1,248,1.174420140159782e-05
ae_spec,1,249,1.0608632692310493e-05
ae_spec,1,250,1.2320538189669605e-05
ae_spec,1,251,1.979573607968632e-05
ae_spec,1,252,1.5536215869360603e-05
ae_spec,1,253,1.9445616999291815e-05
ae_spec,1,254,9.402272553415969e-06
ae_spec,1,255,1.0324392860638909e-05
ae_spec,1,256,1.3557266356656328e-05
ae_spec,1,257,1.616880217625294e-05
ae_spec,1,258,1.2006745237158611e-05
ae_spec,1,259,9.909870641422458e-06
ae_spec,1,260,1.087088730855612e-05
ae_spec,1,261,1.1408749742258806e-05
ae_spec,1,262,1.0039445442089345e-05
ae_spec,1,263,1.1278187230345793e-05
ae_spec,1,264,9.345420039608143e-06
ae_spec,1,265,2.4181181288440712e-05
ae_spec,1,266,1.14901586130145e-05
ae_spec,1,267,1.082695416698698e-05
ae_spec,1,268,8.969881491793785e-06
ae_spec,1,269,3.2164833100978285e-05
ae_spec,1,270,1.184664506581612e-05
ae_spec,1,271,1.1253681805101223e-05
ae_spec,1,272,1.0242445569019765e-05
ae_spec,1,273,2.373785900999792e-05
ae_spec,1,274,1.4726520021213219e-05
ae_spec,1,275,1.2303926268941723e-05
ae_spec,1,276,1.0447950444358867e-05
ae_spec,1,277,8.10388974059606e-06
ae_spec,1,278,1.351728496956639e-05
ae_spec,1,279,1.8430158888804726e-05
ae_spec,1,280,1.3460074114846066e-05
ae_spec,1,281,8.850754966260865e-06
ae_spec,1,282,1.7745685909176245e-05
ae_spec,1,283,2.8144764655735344e-05
ae_spec,1,284,2.0869210857199505e-05
ae_spec,1,285,1.850786793511361e-05
ae_spec,1,286,1.8013080989476293e-05
ae_spec,1,287,3.5737481084652245e-05
ae_spec,1,288,3.1697458325652406e-05
ae_spec,1,289,3.064410338993184e-05
ae_spec,1,290,2.0227507775416598e-05
ae_spec,1,291,3.825662861345336e-05
ae_spec,1,292,2.0918030713801272e-05
ae_spec,1,293,3.277109863120131e-05
ae_spec,1,294,2.846137067535892e-05
ae_spec,1,295,5.345549652702175e-05
ae_spec,1,296,4.004314178018831e-05
ae_spec,1,297,4.2761352233355865e-05
ae_spec,1,298,2.3873742975411005e-05
ae_spec,1,299,4.554749102680944e-05
vib_spec,0,0,5.618175055133179e-05
vib_spec,0,1,2.9115675715729594e-05
vib_spec,0,2,5.254861025605351e-05
vib_spec,0,3,5.4305226512951776e-05
vib_spec,0,4,6.78569995216094e-05
vib_spec,0,5,8.240604802267626e-05
vib_spec,0,6,0.00013221010158304125
vib_spec,0,7,7.58479509386234e-05
vib_spec,0,8,5.893480920349248e-05
vib_spec,0,9,8.001733658602461e-05
vib_spec,0,10,8.629352669231594e-05
vib_spec,0,11,0.00011617665586527437
vib_spec,0,12,7.67576348152943e-05
vib_spec,0,13,3.885976184392348e-05
vib_spec,0,14,2.8395310437190346e-05
vib_spec,0,15,7.932023436296731e-05
vib_spec,0,16,9.665468678576872e-05
vib_spec,0,17,5.727588722947985e-05
vib_spec,0,18,5.137173502589576e-05
vib_spec,0,19,3.906036727130413e-05
vib_spec,0,20,5.56403465452604e-05
vib_spec,0,21,5.791011790279299e-05
vib_spec,0,22,3.159970947308466e-05
vib_spec,0,23,3.0550407245755196e-05
vib_spec,0,24,3.4992706787306815e-05
vib_spec,0,25,4.382749830256216e-05
vib_spec,0,26,1.8468212147126906e-05
vib_spec,0,27,2.4285836843773723e-05
vib_spec,0,28,3.433648817008361e-05
vib_spec,0,29,4.00406752305571e-05
vib_spec,0,30,4.757583883474581e-05
vib_spec,0,31,4.11775145039428e-05
vib_spec,0,32,3.854843453154899e-05
vib_spec,0,33,5.3009094699518755e-05
vib_spec,0,34,3.1851894163992256e-05
vib_spec,0,35,3.7075995351187885e-05
vib_spec,0,36,2.5903464120347053e-05
vib_spec,0,37,3.228619971196167e-05
vib_spec,0,38,2.5181334422086366e-05
vib_spec,0,39,3.513737101457082e-05
vib_spec,0,40,3.2349289540434256e-05
vib_spec,0,41,3.41524719260633e-05
vib_spec,0,42,3.6409579479368404e-05
vib_spec,0,43,3.677942731883377e-05
vib_spec,0,44,3.2442221709061414e-05
vib_spec,0,45,2.185555058531463e-05
vib_spec,0,46,1.9569191863411106e-05
vib_spec,0,47,2.8001739337923937e-05
vib_spec,0,48,3.091913822572678e-05
vib_spec,0,49,3.179160557920113e-05
vib_spec,0,50,3.964858115068637e-05
vib_spec,0,51,3.479198130662553e-05
vib_spec,0,52,2.874681376852095e-05
vib_spec,0,53,4.5134311221772805e-05
vib_spec,0,54,2.5578980057616718e-05
vib_spec,0,55,4.24089448642917e-05
vib_spec,0,56,2.8096887035644613e-05
vib_spec,0,57,2.1560470486292616e-05
vib_spec,0,58,2.421191311441362e-05
vib_spec,0,59,3.420066423132084e-05
vib_spec,0,60,3.301306060166098e-05
vib_spec,0,61,3.0181674446794204e-05
vib_spec,0,62,2.1936404664302245e-05
vib_spec,0,63,2.1256004401948303e-05
vib_spec,0,64,1.715426151349675e-05
vib_spec,0,65,3.3657070162007585e-05
vib_spec,0,66,3.1918807508191094e-05
vib_spec,0,67,3.054880289710127e-05
vib_spec,0,68,4.510882354225032e-05
vib_spec,0,69,6.481466698460281e-05
vib_spec,0,70,4.5617045543622226e-05
vib_spec,0,71,3.51061717083212e-05
vib_spec,0,72,3.847004336421378e-05
vib_spec,0,73,4.847127274842933e-05
vib_spec,0,74,4.604169225785881e-05
vib_spec,0,75,3.574385482352227e-05
vib_spec,0,76,3.373046274646185e-05
vib_spec,0,77,3.172335709678009e-05
vib_spec,0,78,2.614875484141521e-05
vib_spec,0,79,2.728589970502071e-05
vib_spec,0,80,4.994749542674981e-05
vib_spec,0,81,3.2495219784323126e-05
vib_spec,0,82,1.875573434517719e-05
vib_spec,0,83,2.6121446353499778e-05
vib_spec,0,84,3.405507959541865e-05
vib_spec,0,85,3.3103970054071397e-05
vib_spec,0,86,2.1617750462610275e-05
vib_spec,0,87,2.915542972914409e-05
vib_spec,0,88,3.857648334815167e-05
vib_spec,0,89,5.52285710000433e-05
vib_spec,0,90,3.1997624319046736e-05
vib_spec,0,91,2.008726733038202e-05
vib_spec,0,92,2.859138294297736e-05
vib_spec,0,93,2.8869437301182188e-05
vib_spec,0,94,2.433451845718082e-05
vib_spec,0,95,2.3114593204809353e-05
vib_spec,0,96,2.80893400486093e-05
vib_spec,0,97,2.247182601422537e-05
vib_spec,0,98,4.388292654766701e-05
vib_spec,0,99,6.71710295137018e-05
vib_spec,0,100,5.455491555039771e-05
vib_spec,0,101,3.184842353221029e-05
vib_spec,0,102,2.7978197977063246e-05
vib_spec,0,103,2.9151035050745122e-05
vib_spec,0,104,1.4715803445142228e-05
vib_spec,0,105,2.2044732759241015e-05
vib_spec,0,106,2.988668165926356e-05
vib_spec,0,107,3.2121264666784555e-05
vib_spec,0,108,3.55166157532949e-05
vib_spec,0,109,2.39762866840465e-05
vib_spec,0,110,1.9847559087793343e-05
vib_spec,0,111,2.2765652829548344e-05
vib_spec,0,112,3.25030050589703e-05
vib_spec,0,113,2.848025906132534e-05
vib_spec,0,114,3.001611003128346e-05
vib_spec,0,115,2.955348463729024e-05
vib_spec,0,116,2.8035796276526526e-05
vib_spec,0,117,2.1603485947707668e-05
vib_spec,0,118,1.4600119357055519e-05
vib_spec,0,119,1.9347742636455223e-05
vib_spec,0,120,1.1294945579720661e-05
vib_spec,0,121,2.7912630685023032e-05
vib_spec,0,122,3.805445885518566e-05
vib_spec,0,123,4.8695663281250745e-05
vib_spec,0,124,3.219154677935876e-05
vib_spec,0,125,2.798731111397501e-05
vib_spec,0,126,2.046466943284031e-05
vib_spec,0,127,3.671456215670332e-05
vib_spec,0,128,2.153102286683861e-05
vib_spec,0,129,1.806462023523636e-05
vib_spec,0,130,3.295181522844359e-05
vib_spec,0,131,3.235585609218106e-05
vib_spec,0,132,2.1571915567619726e-05
vib_spec,0,133,3.174094672431238e-05
vib_spec,0,134,1.7295116776949726e-05
vib_spec,0,135,3.0511764634866267e-05
vib_spec,0,136,3.1223757105180994e-05
vib_spec,0,137,6.512691470561549e-05
vib_spec,0,138,4.804869240615517e-05
vib_spec,0,139,5.1688242820091546e-05
vib_spec,0,140,5.971782229607925e-05
vib_spec,0,141,3.365953671163879e-05
vib_spec,0,142,3.521194230415858e-05
vib_spec,0,143,1.8160839317715727e-05
vib_spec,0,144,2.6137813620152883e-05
vib_spec,0,145,4.131220339331776e-05
vib_spec,0,146,4.007076859124936e-05
vib_spec,0,147,3.6340803490020335e-05
vib_spec,0,148,4.657103636418469e-05
vib_spec,0,149,5.4181327868718654e-05
vib_spec,0,150,4.62439566035755e-05
vib_spec,0,151,2.3486707505071536e-05
vib_spec,0,152,2.906351801357232e-05
vib_spec,0,153,4.1671191866043955e-05
vib_spec,0,154,4.5397751819109544e-05
vib_spec,0,155,3.6527413612930104e-05
vib_spec,0,156,2.852725810953416e-05
vib_spec,0,157,8.581020665587857e-05
vib_spec,0,158,8.273407001979649e-05
vib_spec,0,159,4.3788892071461305e-05
vib_spec,0,160,4.123797771171667e-05
vib_spec,0,161,3.9859187381807715e-05
vib_spec,0,162,4.527715645963326e-05
vib_spec,0,163,2.9947052098577842e-05
vib_spec,0,164,4.182826160104014e-05
vib_spec,0,165,3.886302874889225e-05
vib_spec,0,166,4.5107877667760476e-05
vib_spec,0,167,3.558067328413017e-05
vib_spec,0,168,2.8778091291314922e-05
vib_spec,0,169,3.694169208756648e-05
vib_spec,0,170,4.143560727243312e-05
vib_spec,0,171,4.8047357267932966e-05
vib_spec,0,172,4.869911208515987e-05
vib_spec,0,173,3.2259653380606323e-05
vib_spec,0,174,4.023376095574349e-05
vib_spec,0,175,4.851088669965975e-05
vib_spec,0,176,4.046538379043341e-05
vib_spec,0,177,2.6752300982479937e-05
vib_spec,0,178,3.5427259717835113e-05
vib_spec,0,179,3.416036634007469e-05
vib_spec,0,180,3.6856174119748175e-05
vib_spec,0,181,3.249835572205484e-05
vib_spec,0,182,2.792417762975674e-05
vib_spec,0,183,6.399861013051122e-05
vib_spec,0,184,9.088396473089233e-05
vib_spec,0,185,9.601069905329496e-05
vib_spec,0,186,0.00011071556218666956
vib_spec,0,187,0.0001228459586855024
vib_spec,0,188,0.00013716444664169103
vib_spec,0,189,0.0001423210633220151
vib_spec,0,190,0.0001400626788381487
vib_spec,0,191,0.00011576795077417046
vib_spec,0,192,9.481647430220619e-05
vib_spec,0,193,3.144495713058859e-05
vib_spec,0,194,3.0408284146687947e-05
vib_spec,0,195,7.947937410790473e-05
vib_spec,0,196,7.701216236455366e-05
vib_spec,0,197,8.011231693672016e-05
vib_spec,0,198,6.141883932286873e-05
vib_spec,0,199,3.9664835639996454e-05
vib_spec,0,200,3.947601362597197e-05
vib_spec,0,201,4.092542440048419e-05
vib_spec,0,202,3.6739438655786216e-05
vib_spec,0,203,3.488791116978973e-05
vib_spec,0,204,5.142666122992523e-05
vib_spec,0,205,4.493892629398033e-05
vib_spec,0,206,3.5737168218474835e-05
vib_spec,0,207,4.020352571387775e-05
vib_spec,0,208,3.9437869418179616e-05
vib_spec,0,209,4.413261922309175e-05
vib_spec,0,210,5.823236278956756e-05
vib_spec,0,211,3.680090230773203e-05
vib_spec,0,212,4.194997745798901e-05
vib_spec,0,213,2.3819129637558945e-05
vib_spec,0,214,4.733611785923131e-05
vib_spec,0,215,4.551003439701162e-05
vib_spec,0,216,5.615195550490171e-05
vib_spec,0,217,4.2565672629280016e-05
vib_spec,0,218,3.0318284188979305e-05
vib_spec,0,219,4.798257214133628e-05
vib_spec,0,220,4.8792531742947176e-05
vib_spec,0,221,6.7127839429304e-05
vib_spec,0,222,3.739578460226767e-05
vib_spec,0,223,6.045531699783169e-05
vib_spec,0,224,7.86518503446132e-05
vib_spec,0,225,5.2069004595978186e-05
vib_spec,0,226,4.8310084821423516e-05
vib_spec,0,227,2.9392125725280493e-05
vib_spec,0,228,2.8560090868268162e-05
vib_spec,0,229,2.961893187602982e-05
vib_spec,0,230,1.9484177755657583e-05
vib_spec,0,231,3.667416604002938e-05
vib_spec,0,232,4.89340782223735e-05
vib_spec,0,233,6.475516420323402e-05
vib_spec,0,234,9.659155330155045e-05
vib_spec,0,235,7.407504017464817e-05
vib_spec,0,236,5.909964966122061e-05
vib_spec,0,237,3.0071303626755252e-05
vib_spec,0,238,1.2496513591031544e-05
vib_spec,0,239,2.2175217964104377e-05
vib_spec,0,240,1.7755241060513072e-05
vib_spec,0,241,4.812576298718341e-05
vib_spec,0,242,8.741355122765526e-05
vib_spec,0,243,7.41556505090557e-05
vib_spec,0,244,5.587446139543317e-05
vib_spec,0,245,7.007010572124273e-05
vib_spec,0,246,4.793488187715411e-05
vib_spec,0,247,6.223425589269027e-05
vib_spec,0,248,8.580985013395548e-05
vib_spec,0,249,0.00010491691500646994
vib_spec,0,250,6.814024527557194e-05
vib_spec,0,251,6.915163976373151e-05
vib_spec,0,252,5.4555621318286285e-05
vib_spec,0,253,4.3400061258580536e-05
vib_spec,0,254,2.556584877311252e-05
vib_spec,0,255,2.930264781753067e-05
vib_spec,0,256,5.0659316912060603e-05
vib_spec,1,0,8.419797086389735e-05
vib_spec,1,1,3.6185352655593306e-05
vib_spec,1,2,7.412659761030227e-05
vib_spec,1,3,4.955066106049344e-05
vib_spec,1,4,6.55294643365778e-05
vib_spec,1,5,9.408009645994753e-05
vib_spec,1,6,4.884102600044571e-05
vib_spec,1,7,9.901511657517403e-05
vib_spec,1,8,7.814518903614953e-05
vib_spec,1,9,6.583450885955244e-05
vib_spec,1,10,9.141854388872162e-05
vib_spec,1,11,4.950172296958044e-05
vib_spec,1,12,9.934067929862067e-05
vib_spec,1,13,5.910689287702553e-05
vib_spec,1,14,4.293472011340782e-05
vib_spec,1,15,7.614434434799477e-05
vib_spec,1,16,3.6103632737649605e-05
vib_spec,1,17,6.197650509420782e-05
vib_spec,1,18,6.391917850123718e-05
vib_spec,1,19,5.4230513342190534e-05
vib_spec,1,20,5.851830792380497e-05
vib_spec,1,21,4.6268040023278445e-05
vib_spec,1,22,4.54342043667566e-05
vib_spec,1,23,2.7181185942026787e-05
vib_spec,1,24,4.744212856166996e-05
vib_spec,1,25,4.574823469738476e-05
vib_spec,1,26,3.245701373089105e-05
vib_spec,1,27,4.3951360567007214e-05
vib_spec,1,28,3.142643618048169e-05
vib_spec,1,29,3.5471315641188994e-05
vib_spec,1,30,6.462597229983658e-05
vib_spec,1,31,9.885111649055034e-05
vib_spec,1,32,4.2945608583977446e-05
vib_spec,1,33,6.718914664816111e-05
vib_spec,1,34,5.024335769121535e-05
vib_spec,1,35,4.965047992300242e-05
vib_spec,1,36,5.7043100241571665e-05
vib_spec,1,37,5.03659866808448e-05
vib_spec,1,38,3.6427602026378736e-05
vib_spec,1,39,3.3428732422180474e-05
vib_spec,1,40,4.988716682419181e-05
vib_spec,1,41,3.154480145894922e-05
vib_spec,1,42,2.353389390918892e-05
vib_spec,1,43,2.0208432033541612e-05
vib_spec,1,44,3.054104308830574e-05
vib_spec,1,45,4.75673186883796e-05
vib_spec,1,46,5.117797991260886e-05
vib_spec,1,47,5.178099308977835e-05
vib_spec,1,48,3.616151661844924e-05
vib_spec,1,49,4.2319996282458305e-05
vib_spec,1,50,5.0579295930219814e-05
vib_spec,1,51,3.7932710256427526e-05
vib_spec,1,52,6.229749124031514e-05
vib_spec,1,53,5.7307504903292283e-05
vib_spec,1,54,5.45431648788508e-05
vib_spec,1,55,4.795478889718652e-05
vib_spec,1,56,4.0924616769189015e-05
vib_spec,1,57,4.2182284232694656e-05
vib_spec,1,58,4.150359382038005e-05
vib_spec,1,59,5.04599156556651e-05
vib_spec,1,60,6.572744314325973e-05
vib_spec,1,61,4.66661476821173e-05
vib_spec,1,62,4.231082129990682e-05
vib_spec,1,63,5.040694304625504e-05
vib_spec,1,64,3.6636254662880674e-05
vib_spec,1,65,4.057812475366518e-05
vib_spec,1,66,5.0995069614145905e-05
vib_spec,1,67,4.638398968381807e-05
vib_spec,1,68,5.270059409667738e-05
vib_spec,1,69,3.861853474518284e-05
vib_spec,1,70,3.922931864508428e-05
vib_spec,1,71,4.0199880459113047e-05
vib_spec,1,72,5.296850576996803e-05
vib_spec,1,73,4.438302494236268e-05
vib_spec,1,74,2.1721272787544876e-05
vib_spec,1,75,2.7335052436683327e-05
vib_spec,1,76,4.1958337533287704e-05
vib_spec,1,77,3.1552379368804395e-05
vib_spec,1,78,3.0888451874488965e-05
vib_spec,1,79,3.144456059089862e-05
vib_spec,1,80,4.5444634451996535e-05
vib_spec,1,81,3.569366526789963e-05
vib_spec,1,82,2.3981645426829346e-05
vib_spec,1,83,3.361671406310052e-05
vib_spec,1,84,2.4690147256478667e-05
vib_spec,1,85,3.0068626074353233e-05
vib_spec,1,86,4.2144507460761815e-05
vib_spec,1,87,5.644853081321344e-05
vib_spec,1,88,6.285725248744711e-05
vib_spec,1,89,3.1767223845236003e-05
vib_spec,1,90,4.365159838926047e-05
vib_spec,1,91,4.344755507190712e-05
vib_spec,1,92,3.4174441680079326e-05
vib_spec,1,93,2.8232419936102815e-05
vib_spec,1,94,3.164281224599108e-05
vib_spec,1,95,2.2827298380434513e-05
vib_spec,1,96,1.823789716581814e-05
vib_spec,1,97,1.7352287613903172e-05
vib_spec,1,98,3.3134831028291956e-05
vib_spec,1,99,3.860705328406766e-05
vib_spec,1,100,4.106851338292472e-05
vib_spec,1,101,1.7299615137744695e-05
vib_spec,1,102,2.4822687919368036e-05
vib_spec,1,103,4.670619819080457e-05
vib_spec,1,104,3.706590723595582e-05
vib_spec,1,105,4.408086169860326e-05
vib_spec,1,106,5.024077836424112e-05
vib_spec,1,107,4.318265928304754e-05
vib_spec,1,108,4.3891843233723193e-05
vib_spec,1,109,5.127636541146785e-05
vib_spec,1,110,6.345373549265787e-05
vib_spec,1,111,4.0479171730112284e-05
vib_spec,1,112,3.938955342164263e-05
vib_spec,1,113,1.764529588399455e-05
vib_spec,1,114,2.4889119231374934e-05
vib_spec,1,115,4.650179107557051e-05
vib_spec,1,116,5.234649870544672e-05
vib_spec,1,117,3.9028753235470504e-05
vib_spec,1,118,5.352167863748036e-05
vib_spec,1,119,5.637308640871197e-05
vib_spec,1,120,4.239233385305852e-05
vib_spec,1,121,5.08783632540144e-05
vib_spec,1,122,3.5332290281075984e-05
vib_spec,1,123,4.062265361426398e-05
vib_spec,1,124,2.348121051909402e-05
vib_spec,1,125,3.0322782549774274e-05
vib_spec,1,126,2.1660165657522157e-05
vib_spec,1,127,4.22059056290891e-05
vib_spec,1,128,3.476687561487779e-05
vib_spec,1,129,4.174150308244862e-05
vib_spec,1,130,4.664187872549519e-05
vib_spec,1,131,4.6612563892267644e-05
vib_spec,1,132,4.889532283414155e-05
vib_spec,1,133,4.440245174919255e-05
vib_spec,1,134,6.822391151217744e-05
vib_spec,1,135,3.8713998947059736e-05
vib_spec,1,136,3.116251900792122e-05
vib_spec,1,137,4.1997376683866605e-05
vib_spec,1,138,2.9260150768095627e-05
vib_spec,1,139,5.4571093642152846e-05
vib_spec,1,140,5.150867946213111e-05
vib_spec,1,141,1.8643202565726824e-05
vib_spec,1,142,2.0605812096619047e-05
vib_spec,1,143,2.170420702896081e-05
vib_spec,1,144,3.1716808734927326e-05
vib_spec,1,145,4.318810533732176e-05
vib_spec,1,146,4.441851706360467e-05
vib_spec,1,147,4.206629455438815e-05
vib_spec,1,148,3.259528602939099e-05
vib_spec,1,149,5.801659790449776e-05
vib_spec,1,150,3.335992369102314e-05
vib_spec,1,151,6.0406007833080366e-05
vib_spec,1,152,7.776552229188383e-05
vib_spec,1,153,6.407120235962793e-05
vib_spec,1,154,1.5685980542912148e-05
vib_spec,1,155,4.701385842054151e-05
vib_spec,1,156,3.04823352053063e-05
vib_spec,1,157,5.767832772107795e-05
vib_spec,1,158,5.8233232266502455e-05
vib_spec,1,159,7.421278132824227e-05
vib_spec,1,160,4.403662387630902e-05
vib_spec,1,161,5.0257811381015927e-05
vib_spec,1,162,6.539368769153953e-05
vib_spec,1,163,4.51336418336723e-05
vib_spec,1,164,3.922259929822758e-05
vib_spec,1,165,3.172428841935471e-05
vib_spec,1,166,5.015385613660328e-05
vib_spec,1,167,4.770966188516468e-05
vib_spec,1,168,3.274616756243631e-05
vib_spec,1,169,5.1868923037545756e-05
vib_spec,1,170,4.257598993717693e-05
vib_spec,1,171,5.1310096750967205e-05
vib_spec,1,172,5.100673661218025e-05
vib_spec,1,173,4.861491470364854e-05
vib_spec,1,174,3.544074934325181e-05
vib_spec,1,175,2.190570921811741e-05
vib_spec,1,176,3.6036224628333e-05
vib_spec,1,177,5.099453483126126e-05
vib_spec,1,178,7.55007058614865e-05
vib_spec,1,179,6.164929800434038e-05
vib_spec,1,180,3.961698166676797e-05
vib_spec,1,181,5.002234684070572e-05
vib_spec,1,182,4.030286072520539e-05
vib_spec,1,183,3.677747008623555e-05
vib_spec,1,184,7.010842091403902e-05
vib_spec,1,185,8.735564915696159e-05
vib_spec,1,186,4.9039550503948703e-05
vib_spec,1,187,5.9985955886077136e-05
vib_spec,1,188,4.4877138861920685e-05
vib_spec,1,189,5.027869337936863e-05
vib_spec,1,190,6.315833161352202e-05
vib_spec,1,191,4.434378206497058e-05
vib_spec,1,192,7.525399269070476e-05
vib_spec,1,193,4.540217196336016e-05
vib_spec,1,194,6.182699144119397e-05
vib_spec,1,195,8.79744256963022e-05
vib_spec,1,196,0.00010211435437668115
vib_spec,1,197,8.04615265224129e-05
vib_spec,1,198,6.528368248837069e-05
vib_spec,1,199,2.4683702577021904e-05
vib_spec,1,200,3.165652378811501e-05
vib_spec,1,201,5.7419045333517715e-05
vib_spec,1,202,7.319208089029416e-05
vib_spec,1,203,5.2127383241895586e-05
vib_spec,1,204,6.760196265531704e-05
vib_spec,1,205,6.20069622527808e-05
vib_spec,1,206,7.55832006689161e-05
vib_spec,1,207,5.109813719172962e-05
vib_spec,1,208,7.940920477267355e-05
vib_spec,1,209,4.5661690819542855e-05
vib_spec,1,210,3.0923038139007986e-05
vib_spec,1,211,4.876165621681139e-05
vib_spec,1,212,4.432623609318398e-05
vib_spec,1,213,5.263527054921724e-05
vib_spec,1,214,6.0461210523499176e-05
vib_spec,1,215,3.738724990398623e-05
vib_spec,1,216,4.9382993893232197e-05
vib_spec,1,217,7.332138920901343e-05
vib_spec,1,218,7.635559450136498e-05
vib_spec,1,219,5.0686332542682067e-05
vib_spec,1,220,2.9894088584114797e-05
vib_spec,1,221,3.096633008681238e-05
vib_spec,1,222,3.1755887903273106e-05
vib_spec,1,223,4.454409645404667e-05
vib_spec,1,224,4.100196383660659e-05
vib_spec,1,225,3.142817513435148e-05
vib_spec,1,226,2.143833989975974e-05
vib_spec,1,227,4.4507385609904304e-05
vib_spec,1,228,4.430806075106375e-05
vib_spec,1,229,2.79143077932531e-05
vib_spec,1,230,2.5114122763625346e-05
vib_spec,1,231,3.823147199000232e-05
vib_spec,1,232,3.499790545902215e-05
vib_spec,1,233,2.8373124223435298e-05
vib_spec,1,234,4.2633735574781895e-05
vib_spec,1,235,4.8190573579631746e-05
vib_spec,1,236,4.569255543174222e-05
vib_spec,1,237,3.663765892270021e-05
vib_spec,1,238,4.805343269254081e-05
vib_spec,1,239,7.143076800275594e-05
vib_spec,1,240,7.711206853855401e-05
vib_spec,1,241,3.8698100979672745e-05
vib_spec,1,242,2.3889178919489495e-05
vib_spec,1,243,2.919663347711321e-05
vib_spec,1,244,3.139010368613526e-05
vib_spec,1,245,3.203467349521816e-05
vib_spec,1,246,4.401808837428689e-05
vib_spec,1,247,4.488991544349119e-05
vib_spec,1,248,5.904240970266983e-05
vib_spec,1,249,8.19538690848276e-05
vib_spec,1,250,6.249243597267196e-05
vib_spec,1,251,4.949924914399162e-05
vib_spec,1,252,5.951044295215979e-05
vib_spec,1,253,6.309858872555196e-05
vib_spec,1,254,7.085580728016794e-05
vib_spec,1,255,5.537665856536478e-05
vib_spec,1,256,5.762765431427397e-05
vib_spec,2,0,6.536845467053354e-05
vib_spec,2,1,9.239803330274299e-05
vib_spec,2,2,6.49423454888165e-05
vib_spec,2,3,0.00011040538811357692
vib_spec,2,4,0.00011667841317830607
vib_spec,2,5,0.00013968560961075127
vib_spec,2,6,8.818729111226276e-05
vib_spec,2,7,8.671086106915027e-05
vib_spec,2,8,5.796949699288234e-05
vib_spec,2,9,7.55664732423611e-05
vib_spec,2,10,9.112144471146166e-05
vib_spec,2,11,9.67644591582939e-05
vib_spec,2,12,8.397065539611503e-05
vib_spec,2,13,8.409403380937874e-05
vib_spec,2,14,8.018419612199068e-05
vib_spec,2,15,0.0001092673119273968
vib_spec,2,16,5.505433364305645e-05
vib_spec,2,17,8.305421943077818e-05
vib_spec,2,18,5.3749354265164584e-05
vib_spec,2,19,3.601774005801417e-05
vib_spec,2,20,3.4336433600401506e-05
vib_spec,2,21,2.973637128889095e-05
vib_spec,2,22,3.468959766905755e-05
vib_spec,2,23,2.7652973585645668e-05
vib_spec,2,24,5.093088111607358e-05
vib_spec,2,25,5.3942265367368236e-05
vib_spec,2,26,3.668614954221994e-05
vib_spec,2,27,2.727255196077749e-05
vib_spec,2,28,1.9251941921538673e-05
vib_spec,2,29,4.292547237128019e-05
vib_spec,2,30,4.795108179678209e-05
vib_spec,2,31,3.7823047023266554e-05
vib_spec,2,32,2.9855398679501377e-05
vib_spec,2,33,3.822656799457036e-05
vib_spec,2,34,4.7685287427157164e-05
vib_spec,2,35,4.5417338697006926e-05
vib_spec,2,36,5.032100671087392e-05
vib_spec,2,37,2.2827523935120553e-05
vib_spec,2,38,3.077805376960896e-05
vib_spec,2,39,2.628920083225239e-05
vib_spec,2,40,3.45325461239554e-05
vib_spec,2,41,6.55620897305198e-05
vib_spec,2,42,4.46116755483672e-05
vib_spec,2,43,2.217913970525842e-05
vib_spec,2,44,2.2210742827155627e-05
vib_spec,2,45,3.9691880374448374e-05
vib_spec,2,46,5.7962613936979324e-05
vib_spec,2,47,5.2164399676257744e-05
vib_spec,2,48,5.67574352317024e-05
vib_spec,2,49,8.151625661412254e-05
vib_spec,2,50,4.599400926963426e-05
vib_spec,2,51,4.1072398744290695e-05
vib_spec,2,52,2.7724317988031544e-05
vib_spec,2,53,4.562340473057702e-05
vib_spec,2,54,3.741109685506672e-05
vib_spec,2,55,6.198840128490701e-05
vib_spec,2,56,5.620258525596e-05
vib_spec,2,57,6.269396544666961e-05
vib_spec,2,58,2.720339034567587e-05
vib_spec,2,59,3.847295738523826e-05
vib_spec,2,60,4.562037065625191e-05
vib_spec,2,61,3.945106436731294e-05
vib_spec,2,62,3.546847801771946e-05
vib_spec,2,63,3.070614911848679e-05
vib_spec,2,64,4.778704897034913e-05
vib_spec,2,65,3.294362250017002e-05
vib_spec,2,66,3.8184407458174974e-05
vib_spec,2,67,2.907816815422848e-05
vib_spec,2,68,4.793363405042328e-05
vib_spec,2,69,4.647686000680551e-05
vib_spec,2,70,3.524661951814778e-05
vib_spec,2,71,4.0200193325290456e-05
vib_spec,2,72,2.336570105399005e-05
vib_spec,2,73,4.2900563130388036e-05
vib_spec,2,74,3.332626147312112e-05
vib_spec,2,75,3.5035627661272883e-05
vib_spec,2,76,1.9069262634729967e-05
vib_spec,2,77,3.491786992526613e-05
vib_spec,2,78,2.8479116735979915e-05
vib_spec,2,79,3.373076469870284e-05
vib_spec,2,80,2.5863380869850516e-05
vib_spec,2,81,3.385564559721388e-05
vib_spec,2,82,2.874238089134451e-05
vib_spec,2,83,3.806683889706619e-05
vib_spec,2,84,2.4203900466091e-05
vib_spec,2,85,3.223081512260251e-05
vib_spec,2,86,3.537507291184738e-05
vib_spec,2,87,2.6410629288875498e-05
vib_spec,2,88,4.0738108509685844e-05
vib_spec,2,89,4.8369329306297004e-05
vib_spec,2,90,5.990761928842403e-05
vib_spec,2,91,4.41844058514107e-05
vib_spec,2,92,3.336401277920231e-05
vib_spec,2,93,4.9309728638036177e-05
vib_spec,2,94,5.9536760090850294e-05
vib_spec,2,95,7.219338294817135e-05
vib_spec,2,96,6.804068834753707e-05
vib_spec,2,97,5.6572134781163186e-05
vib_spec,2,98,3.2293388358084485e-05
vib_spec,2,99,4.283670932636596e-05
vib_spec,2,100,5.17891239724122e-05
vib_spec,2,101,4.959436409990303e-05
vib_spec,2,102,5.98190090386197e-05
vib_spec,2,103,5.3070751164341345e-05
vib_spec,2,104,4.3960513721685857e-05
vib_spec,2,105,3.7161869840929285e-05
vib_spec,2,106,2.5925468435161747e-05
vib_spec,2,107,5.409840741776861e-05
vib_spec,2,108,4.330210867919959e-05
vib_spec,2,109,4.7601599362678826e-05
vib_spec,2,110,4.2839998059207574e-05
vib_spec,2,111,3.687719436129555e-05
vib_spec,2,112,4.0761435229796916e-05
vib_spec,2,113,3.9720351196592674e-05
vib_spec,2,114,3.800175181822851e-05
vib_spec,2,115,3.458651917753741e-05
vib_spec,2,116,2.9602790164062753e-05
vib_spec,2,117,2.0058789232280105e-05
vib_spec,2,118,3.8568781747017056e-05
vib_spec,2,119,3.694568658829667e-05
vib_spec,2,120,3.5103323170915246e-05
vib_spec,2,121,4.8487763706361875e-05
vib_spec,2,122,4.1470761061646044e-05
vib_spec,2,123,5.783453525509685e-05
vib_spec,2,124,4.967547283740714e-05
vib_spec,2,125,5.150326614966616e-05
vib_spec,2,126,3.603572986321524e-05
vib_spec,2,127,2.269842298119329e-05
vib_spec,2,128,3.433227902860381e-05
vib_spec,2,129,3.130683035124093e-05
vib_spec,2,130,4.504443859332241e-05
vib_spec,2,131,4.0543629438616335e-05
vib_spec,2,132,2.261647387058474e-05
vib_spec,2,133,5.391362719819881e-05
vib_spec,2,134,6.920826126588508e-05
vib_spec,2,135,6.671769369859248e-05
vib_spec,2,136,6.367886817315593e-05
vib_spec,2,137,3.211870352970436e-05
vib_spec,2,138,4.932374940835871e-05
vib_spec,2,139,4.480544157559052e-05
vib_spec,2,140,4.8072815843624994e-05
vib_spec,2,141,2.9766382795060053e-05
vib_spec,2,142,3.791689232457429e-05
vib_spec,2,143,7.535716576967388e-05
vib_spec,2,144,6.146008672658354e-05
vib_spec,2,145,4.8715453885961324e-05
vib_spec,2,146,4.373650153866038e-05
vib_spec,2,147,3.383799412404187e-05
vib_spec,2,148,3.597238173824735e-05
vib_spec,2,149,2.5021394321811385e-05
vib_spec,2,150,2.3313834390137345e-05
vib_spec,2,151,3.717279469128698e-05
vib_spec,2,152,2.8219901651027612e-05
vib_spec,2,153,5.551675349124707e-05
vib_spec,2,154,5.001427052775398e-05
vib_spec,2,155,6.23783198534511e-05
vib_spec,2,156,3.8559512177016586e-05
vib_spec,2,157,8.364913082914427e-05
vib_spec,2,158,6.692358874715865e-05
vib_spec,2,159,7.218302198452875e-05
vib_spec,2,160,5.159590727998875e-05
vib_spec,2,161,6.65446714265272e-05
vib_spec,2,162,5.4838012147229165e-05
vib_spec,2,163,4.073620948474854e-05
vib_spec,2,164,8.583076123613864e-05
vib_spec,2,165,0.00011566565808607265
vib_spec,2,166,0.00010398607992101461
vib_spec,2,167,8.663471817271784e-05
vib_spec,2,168,2.2110458303359337e-05
vib_spec,2,169,5.209019218455069e-05
vib_spec,2,170,7.062998338369653e-05
vib_spec,2,171,9.024756582221016e-05
vib_spec,2,172,5.0536389608168975e-05
vib_spec,2,173,3.5605524317361414e-05
vib_spec,2,174,3.083749834331684e-05
vib_spec,2,175,4.215821172692813e-05
vib_spec,2,176,3.070901948376559e-05
vib_spec,2,177,6.739758828189224e-05
vib_spec,2,178,0.00010224958532489836
vib_spec,2,179,0.00011502525012474507
vib_spec,2,180,7.66161538194865e-05
vib_spec,2,181,5.981682625133544e-05
vib_spec,2,182,0.0001006374805001542
vib_spec,2,183,9.479701111558825e-05
vib_spec,2,184,8.061418338911608e-05
vib_spec,2,185,5.749438059865497e-05
vib_spec,2,186,3.976096195401624e-05
vib_spec,2,187,4.8001900722738355e-05
vib_spec,2,188,3.8323945773299783e-05
vib_spec,2,189,3.934460983145982e-05
vib_spec,2,190,5.480495383380912e-05
vib_spec,2,191,3.177124744979665e-05
vib_spec,2,192,2.4183824280044064e-05
vib_spec,2,193,4.242486829753034e-05
vib_spec,2,194,4.4845077354693785e-05
vib_spec,2,195,4.472984801395796e-05
vib_spec,2,196,6.371305062202737e-05
vib_spec,2,197,5.4746233217883855e-05
vib_spec,2,198,5.8808309404412284e-05
vib_spec,2,199,3.2558142265770584e-05
vib_spec,2,200,6.0354886954883114e-05
vib_spec,2,201,5.840002268087119e-05
vib_spec,2,202,7.269679917953908e-05
vib_spec,2,203,9.448805940337479e-05
vib_spec,2,204,0.00010142925748368725
vib_spec,2,205,6.886089249746874e-05
vib_spec,2,206,2.3889946533017792e-05
vib_spec,2,207,6.679815123789012e-05
vib_spec,2,208,4.306144546717405e-05
vib_spec,2,209,3.46497654390987e-05
vib_spec,2,210,3.400156492716633e-05
vib_spec,2,211,4.812167026102543e-05
vib_spec,2,212,3.8865182432346046e-05
vib_spec,2,213,5.5347140005324036e-05
vib_spec,2,214,5.615321424556896e-05
vib_spec,2,215,7.234507211251184e-05
vib_spec,2,216,5.8246227126801386e-05
vib_spec,2,217,5.677042281604372e-05
vib_spec,2,218,5.939721449976787e-05
vib_spec,2,219,5.0133236072724685e-05
vib_spec,2,220,6.309176387730986e-05
vib_spec,2,221,5.604148100246675e-05
vib_spec,2,222,6.729270535288379e-05
vib_spec,2,223,6.829352059867233e-05
vib_spec,2,224,8.583677845308557e-05
vib_spec,2,225,9.930606756825e-05
vib_spec,2,226,8.550407801521942e-05
vib_spec,2,227,9.090766252484173e-05
vib_spec,2,228,6.669737194897607e-05
vib_spec,2,229,2.6730082026915625e-05
vib_spec,2,230,2.4253877199953422e-05
vib_spec,2,231,3.404422022867948e-05
vib_spec,2,232,3.8948532164795324e-05
vib_spec,2,233,3.5659850254887715e-05
vib_spec,2,234,1.9651788534247316e-05
vib_spec,2,235,2.7115911507280543e-05
vib_spec,2,236,1.4509292668662965e-05
vib_spec,2,237,2.953862349386327e-05
vib_spec,2,238,3.3392941986676306e-05
vib_spec,2,239,3.230552829336375e-05
vib_spec,2,240,2.8678450689767487e-05
vib_spec,2,241,4.566630377667025e-05
vib_spec,2,242,2.9215938411653042e-05
vib_spec,2,243,3.1019608286442235e-05
vib_spec,2,244,4.4492673623608425e-05
vib_spec,2,245,6.139119795989245e-05
vib_spec,2,246,5.5019903811626136e-05
vib_spec,2,247,5.026543658459559e-05
vib_spec,2,248,5.4617703426629305e-05
vib_spec,2,249,7.782911416143179e-05
vib_spec,2,250,5.7629273214843124e-05
vib_spec,2,251,4.9044003390008584e-05
vib_spec,2,252,5.325485108187422e-05
vib_spec,2,253,4.687166438088752e-05
vib_spec,2,254,2.027652590186335e-05
vib_spec,2,255,3.6398305383045226e-05
vib_spec,2,256,1.9249060642323457e-05
