condition_id,y_true,y_pred_deterministic,y_pred,y_std,lower,upper,covered,abs_error,interval_width,checkpoint,checkpoint_sha256,fold
1,0.1128,0.13971882,0.14268482,0.014738721,0.11379692,0.17157272,False,0.029884815,0.057775795,checkpoints/ResNetVibCNN_vib_spec_fold0_repeat0.pt,8156196b24ebadef2786fb5daba4fd0a2e40b71568391aa414c63240e3579ba8,0
1,0.1056,0.14058658,0.14045812,0.014273308,0.112482436,0.1684338,False,0.034858122,0.055951364,checkpoints/ResNetVibCNN_vib_spec_fold0_repeat0.pt,8156196b24ebadef2786fb5daba4fd0a2e40b71568391aa414c63240e3579ba8,0
1,0.1102,0.14452313,0.1501854,0.013619185,0.1234918,0.176879,False,0.039985403,0.053387202,checkpoints/ResNetVibCNN_vib_spec_fold0_repeat0.pt,8156196b24ebadef2786fb5daba4fd0a2e40b71568391aa414c63240e3579ba8,0
1,0.1094,0.13346858,0.13812819,0.013401491,0.11186127,0.16439511,False,0.028728195,0.052533835,checkpoints/ResNetVibCNN_vib_spec_fold0_repeat0.pt,8156196b24ebadef2786fb5daba4fd0a2e40b71568391aa414c63240e3579ba8,0
1,0.101,0.14074722,0.14380912,0.014064182,0.11624333,0.17137492,False,0.04280912,0.055131584,checkpoints/ResNetVibCNN_vib_spec_fold0_repeat0.pt,8156196b24ebadef2786fb5daba4fd0a2e40b71568391aa414c63240e3579ba8,0
1,0.1084,0.15009685,0.15895753,0.014992082,0.12957305,0.188342,False,0.050557524,0.058768958,checkpoints/ResNetVibCNN_vib_spec_fold0_repeat0.pt,8156196b24ebadef2786fb5daba4fd0a2e40b71568391aa414c63240e3579ba8,0
1,0.1056,0.1277171,0.13320567,0.010528597,0.112569615,0.15384172,False,0.027605668,0.041272104,checkpoints/ResNetVibCNN_vib_spec_fold0_repeat0.pt,8156196b24ebadef2786fb5daba4fd0a2e40b71568391aa414c63240e3579ba8,0
1,0.1032,0.14386761,0.14907557,0.016141083,0.11743905,0.18071209,False,0.045875564,0.06327304,checkpoints/ResNetVibCNN_vib_spec_fold0_repeat0.pt,8156196b24ebadef2786fb5daba4fd0a2e40b71568391aa414c63240e3579ba8,0
1,0.1074,0.14429641,0.14862397,0.014209181,0.12077398,0.17647398,False,0.041223973,0.055699997,checkpoints/ResNetVibCNN_vib_spec_fold0_repeat0.pt,8156196b24ebadef2786fb5daba4fd0a2e40b71568391aa414c63240e3579ba8,0
1,0.1098,0.13537754,0.13979174,0.013616549,0.11310331,0.16648018,False,0.029991738,0.053376876,checkpoints/ResNetVibCNN_vib_spec_fold0_repeat0.pt,8156196b24ebadef2786fb5daba4fd0a2e40b71568391aa414c63240e3579ba8,0
1,0.1026,0.15118867,0.14880936,0.01708391,0.1153249,0.18229382,False,0.046209358,0.06696892,checkpoints/ResNetVibCNN_vib_spec_fold0_repeat0.pt,8156196b24ebadef2786fb5daba4fd0a2e40b71568391aa414c63240e3579ba8,0
1,0.1056,0.149798,0.1539443,0.01931214,0.1160925,0.1917961,False,0.0483443,0.07570359,checkpoints/ResNetVibCNN_vib_spec_fold0_repeat0.pt,8156196b24ebadef2786fb5daba4fd0a2e40b71568391aa414c63240e3579ba8,0
1,0.0974,0.12946832,0.13449496,0.01090286,0.113125354,0.15586457,False,0.037094958,0.042739213,checkpoints/ResNetVibCNN_vib_spec_fold0_repeat0.pt,8156196b24ebadef2786fb5daba4fd0a2e40b71568391aa414c63240e3579ba8,0
1,0.0962,0.14606941,0.15548232,0.016598169,0.12294991,0.18801473,False,0.059282325,0.06506482,checkpoints/ResNetVibCNN_vib_spec_fold0_repeat0.pt,8156196b24ebadef2786fb5daba4fd0a2e40b71568391aa414c63240e3579ba8,0
1,0.092,0.14104208,0.14386468,0.014082507,0.11626296,0.1714664,False,0.051864676,0.055203438,checkpoints/ResNetVibCNN_vib_spec_fold0_repeat0.pt,8156196b24ebadef2786fb5daba4fd0a2e40b71568391aa414c63240e3579ba8,0
1,0.095,0.13421716,0.14280461,0.015195109,0.11302219,0.17258702,False,0.04780461,0.05956483,checkpoints/ResNetVibCNN_vib_spec_fold0_repeat0.pt,8156196b24ebadef2786fb5daba4fd0a2e40b71568391aa414c63240e3579ba8,0
1,0.0946,0.16079696,0.16509937,0.021228543,0.12349142,0.20670731,False,0.07049937,0.08321589,checkpoints/ResNetVibCNN_vib_spec_fold0_repeat0.pt,8156196b24ebadef2786fb5daba4fd0a2e40b71568391aa414c63240e3579ba8,0
1,0.101,0.15008421,0.15488844,0.012292011,0.13079609,0.17898078,False,0.053888433,0.048184693,checkpoints/ResNetVibCNN_vib_spec_fold0_repeat0.pt,8156196b24ebadef2786fb5daba4fd0a2e40b71568391aa414c63240e3579ba8,0
1,0.095,0.12909941,0.13319746,0.011410002,0.11083385,0.15556106,False,0.038197458,0.044727206,checkpoints/ResNetVibCNN_vib_spec_fold0_repeat0.pt,8156196b24ebadef2786fb5daba4fd0a2e40b71568391aa414c63240e3579ba8,0
2,0.0994,0.09387992,0.09338365,0.0060329074,0.08155915,0.10520814,True,0.0060163513,0.023648992,checkpoints/ResNetVibCNN_vib_spec_fold1_repeat0.pt,4b27e0fb28d7d9e82c7c7b59076a5cb090c5e25007b8a637b447656a97864487,1
2,0.092,0.09565636,0.09569758,0.0056534912,0.084616736,0.10677843,True,0.0036975816,0.022161692,checkpoints/ResNetVibCNN_vib_spec_fold1_repeat0.pt,4b27e0fb28d7d9e82c7c7b59076a5cb090c5e25007b8a637b447656a97864487,1
2,0.0902,0.09472207,0.094219066,0.005929346,0.08259755,0.105840586,True,0.0040190667,0.02324304,checkpoints/ResNetVibCNN_vib_spec_fold1_repeat0.pt,4b27e0fb28d7d9e82c7c7b59076a5cb090c5e25007b8a637b447656a97864487,1
2,0.0898,0.092538185,0.0907693,0.006694323,0.07764842,0.10389017,True,0.0009692982,0.02624175,checkpoints/ResNetVibCNN_vib_spec_fold1_repeat0.pt,4b27e0fb28d7d9e82c7c7b59076a5cb090c5e25007b8a637b447656a97864487,1
2,0.0892,0.095261686,0.09454393,0.0064756474,0.08185166,0.10723619,True,0.005343929,0.02538453,checkpoints/ResNetVibCNN_vib_spec_fold1_repeat0.pt,4b27e0fb28d7d9e82c7c7b59076a5cb090c5e25007b8a637b447656a97864487,1
2,0.094,0.094308786,0.092822485,0.0057756132,0.08150228,0.10414269,True,0.0011775121,0.022640407,checkpoints/ResNetVibCNN_vib_spec_fold1_repeat0.pt,4b27e0fb28d7d9e82c7c7b59076a5cb090c5e25007b8a637b447656a97864487,1
2,0.09,0.09558756,0.09588721,0.0060422774,0.084044345,0.10773007,True,0.005887203,0.023685724,checkpoints/ResNetVibCNN_vib_spec_fold1_repeat0.pt,4b27e0fb28d7d9e82c7c7b59076a5cb090c5e25007b8a637b447656a97864487,1
2,0.0884,0.09763994,0.09993787,0.008142361,0.08397885,0.115896896,True,0.011537872,0.03191805,checkpoints/ResNetVibCNN_vib_spec_fold1_repeat0.pt,4b27e0fb28d7d9e82c7c7b59076a5cb090c5e25007b8a637b447656a97864487,1
2,0.087,0.09540993,0.09504386,0.0058147213,0.083647005,0.106440715,True,0.008043863,0.02279371,checkpoints/ResNetVibCNN_vib_spec_fold1_repeat0.pt,4b27e0fb28d7d9e82c7c7b59076a5cb090c5e25007b8a637b447656a97864487,1
2,0.0902,0.09499815,0.09587128,0.0048622214,0.08634132,0.10540123,True,0.0056712776,0.019059911,checkpoints/ResNetVibCNN_vib_spec_fold1_repeat0.pt,4b27e0fb28d7d9e82c7c7b59076a5cb090c5e25007b8a637b447656a97864487,1
2,0.08280001,0.09677901,0.09789326,0.0072455266,0.08369203,0.11209449,False,0.015093252,0.028402463,checkpoints/ResNetVibCNN_vib_spec_fold1_repeat0.pt,4b27e0fb28d7d9e82c7c7b59076a5cb090c5e25007b8a637b447656a97864487,1
2,0.0856,0.09687582,0.09726067,0.006533172,0.084455654,0.11006568,True,0.011660665,0.02561003,checkpoints/ResNetVibCNN_vib_spec_fold1_repeat0.pt,4b27e0fb28d7d9e82c7c7b59076a5cb090c5e25007b8a637b447656a97864487,1
2,0.0866,0.094662316,0.09263423,0.0054988177,0.08185655,0.10341191,True,0.0060342327,0.021555364,checkpoints/ResNetVibCNN_vib_spec_fold1_repeat0.pt,4b27e0fb28d7d9e82c7c7b59076a5cb090c5e25007b8a637b447656a97864487,1
2,0.0804,0.09935859,0.100407876,0.0064342096,0.08779682,0.11301893,False,0.020007879,0.025222108,checkpoints/ResNetVibCNN_vib_spec_fold1_repeat0.pt,4b27e0fb28d7d9e82c7c7b59076a5cb090c5e25007b8a637b447656a97864487,1
2,0.0832,0.09446079,0.095021725,0.005666314,0.08391575,0.1061277,False,0.0118217245,0.022211954,checkpoints/ResNetVibCNN_vib_spec_fold1_repeat0.pt,4b27e0fb28d7d9e82c7c7b59076a5cb090c5e25007b8a637b447656a97864487,1
2,0.0872,0.09802991,0.099114485,0.006493274,0.086387664,0.111841306,True,0.011914484,0.025453642,checkpoints/ResNetVibCNN_vib_spec_fold1_repeat0.pt,4b27e0fb28d7d9e82c7c7b59076a5cb090c5e25007b8a637b447656a97864487,1
2,0.084,0.09434831,0.09543459,0.005003746,0.08562725,0.10524193,False,0.011434592,0.019614682,checkpoints/ResNetVibCNN_vib_spec_fold1_repeat0.pt,4b27e0fb28d7d9e82c7c7b59076a5cb090c5e25007b8a637b447656a97864487,1
2,0.0892,0.09503666,0.094702855,0.005303033,0.08430891,0.1050968,True,0.0055028573,0.020787895,checkpoints/ResNetVibCNN_vib_spec_fold1_repeat0.pt,4b27e0fb28d7d9e82c7c7b59076a5cb090c5e25007b8a637b447656a97864487,1
2,0.094,0.09646874,0.09469862,0.00557939,0.08376302,0.10563423,True,0.00069862604,0.02187121,checkpoints/ResNetVibCNN_vib_spec_fold1_repeat0.pt,4b27e0fb28d7d9e82c7c7b59076a5cb090c5e25007b8a637b447656a97864487,1
2,0.0922,0.09340155,0.09363488,0.0074374885,0.0790574,0.10821236,True,0.0014348775,0.029154956,checkpoints/ResNetVibCNN_vib_spec_fold1_repeat0.pt,4b27e0fb28d7d9e82c7c7b59076a5cb090c5e25007b8a637b447656a97864487,1
3,0.1052,0.09337903,0.09390245,0.008913822,0.07643136,0.11137354,True,0.011297554,0.03494218,checkpoints/ResNetVibCNN_vib_spec_fold2_repeat0.pt,02c79639d23d62be130ff2511ad36efab6fae7459a8e8baa4c3e1f02228605ff,2
3,0.1044,0.09144391,0.09354182,0.008431133,0.0770168,0.110066846,True,0.010858178,0.033050045,checkpoints/ResNetVibCNN_vib_spec_fold2_repeat0.pt,02c79639d23d62be130ff2511ad36efab6fae7459a8e8baa4c3e1f02228605ff,2
3,0.0998,0.09058603,0.08990588,0.011453753,0.06745652,0.11235524,True,0.009894118,0.04489872,checkpoints/ResNetVibCNN_vib_spec_fold2_repeat0.pt,02c79639d23d62be130ff2511ad36efab6fae7459a8e8baa4c3e1f02228605ff,2
3,0.1038,0.093204744,0.09279216,0.0077941236,0.07751568,0.108068645,True,0.011007838,0.030552968,checkpoints/ResNetVibCNN_vib_spec_fold2_repeat0.pt,02c79639d23d62be130ff2511ad36efab6fae7459a8e8baa4c3e1f02228605ff,2
3,0.0998,0.09213457,0.09445753,0.009358794,0.07611429,0.11280077,True,0.0053424686,0.03668648,checkpoints/ResNetVibCNN_vib_spec_fold2_repeat0.pt,02c79639d23d62be130ff2511ad36efab6fae7459a8e8baa4c3e1f02228605ff,2
3,0.1012,0.09195747,0.09204915,0.008401339,0.07558253,0.10851578,True,0.009150848,0.03293325,checkpoints/ResNetVibCNN_vib_spec_fold2_repeat0.pt,02c79639d23d62be130ff2511ad36efab6fae7459a8e8baa4c3e1f02228605ff,2
3,0.0964,0.09219724,0.09082635,0.010416135,0.07041072,0.111241974,True,0.0055736527,0.040831253,checkpoints/ResNetVibCNN_vib_spec_fold2_repeat0.pt,02c79639d23d62be130ff2511ad36efab6fae7459a8e8baa4c3e1f02228605ff,2
3,0.0988,0.09074898,0.08966133,0.008890418,0.072236106,0.107086554,True,0.009138674,0.03485045,checkpoints/ResNetVibCNN_vib_spec_fold2_repeat0.pt,02c79639d23d62be130ff2511ad36efab6fae7459a8e8baa4c3e1f02228605ff,2
3,0.0928,0.091872215,0.090854734,0.009609971,0.07201919,0.10969028,True,0.0019452646,0.03767109,checkpoints/ResNetVibCNN_vib_spec_fold2_repeat0.pt,02c79639d23d62be130ff2511ad36efab6fae7459a8e8baa4c3e1f02228605ff,2
3,0.0952,0.091704756,0.09342147,0.00795408,0.07783147,0.109011464,True,0.0017785355,0.031179994,checkpoints/ResNetVibCNN_vib_spec_fold2_repeat0.pt,02c79639d23d62be130ff2511ad36efab6fae7459a8e8baa4c3e1f02228605ff,2
3,0.0904,0.09081117,0.09161567,0.009899748,0.07221216,0.11101918,True,0.0012156665,0.03880702,checkpoints/ResNetVibCNN_vib_spec_fold2_repeat0.pt,02c79639d23d62be130ff2511ad36efab6fae7459a8e8baa4c3e1f02228605ff,2
3,0.081,0.091590285,0.08998776,0.00863027,0.07307243,0.10690309,True,0.008987762,0.033830658,checkpoints/ResNetVibCNN_vib_spec_fold2_repeat0.pt,02c79639d23d62be130ff2511ad36efab6fae7459a8e8baa4c3e1f02228605ff,2
3,0.0886,0.09142739,0.09133155,0.008231021,0.07519875,0.10746435,True,0.0027315468,0.032265604,checkpoints/ResNetVibCNN_vib_spec_fold2_repeat0.pt,02c79639d23d62be130ff2511ad36efab6fae7459a8e8baa4c3e1f02228605ff,2
3,0.0864,0.090919174,0.090571016,0.0096089505,0.07173747,0.109404564,True,0.004171014,0.037667096,checkpoints/ResNetVibCNN_vib_spec_fold2_repeat0.pt,02c79639d23d62be130ff2511ad36efab6fae7459a8e8baa4c3e1f02228605ff,2
3,0.0794,0.09129176,0.09079195,0.012567,0.06616063,0.11542327,True,0.011391945,0.049262643,checkpoints/ResNetVibCNN_vib_spec_fold2_repeat0.pt,02c79639d23d62be130ff2511ad36efab6fae7459a8e8baa4c3e1f02228605ff,2
3,0.0756,0.09088768,0.09105648,0.00948366,0.072468504,0.10964446,True,0.015456483,0.037175953,checkpoints/ResNetVibCNN_vib_spec_fold2_repeat0.pt,02c79639d23d62be130ff2511ad36efab6fae7459a8e8baa4c3e1f02228605ff,2
3,0.0774,0.09054927,0.088458516,0.0107125845,0.06746185,0.10945518,True,0.011058517,0.041993335,checkpoints/ResNetVibCNN_vib_spec_fold2_repeat0.pt,02c79639d23d62be130ff2511ad36efab6fae7459a8e8baa4c3e1f02228605ff,2
3,0.0812,0.09147381,0.092654906,0.00894598,0.075120784,0.11018903,True,0.011454903,0.035068244,checkpoints/ResNetVibCNN_vib_spec_fold2_repeat0.pt,02c79639d23d62be130ff2511ad36efab6fae7459a8e8baa4c3e1f02228605ff,2
3,0.0748,0.09172691,0.09400237,0.0072674565,0.07975816,0.10824659,False,0.019202374,0.028488427,checkpoints/ResNetVibCNN_vib_spec_fold2_repeat0.pt,02c79639d23d62be130ff2511ad36efab6fae7459a8e8baa4c3e1f02228605ff,2
3,0.0816,0.0913514,0.09013308,0.009362179,0.07178321,0.10848295,True,0.008533075,0.036699742,checkpoints/ResNetVibCNN_vib_spec_fold2_repeat0.pt,02c79639d23d62be130ff2511ad36efab6fae7459a8e8baa4c3e1f02228605ff,2
4,0.119,0.14815164,0.15717518,0.036403503,0.08582432,0.22852606,True,0.03817518,0.14270175,checkpoints/ResNetVibCNN_vib_spec_fold3_repeat0.pt,c7186cdc135ed146ad602e5d40a61e60de276dc6b10f340597cb9a05d6c6b8e2,3
4,0.1162,0.20896709,0.20442092,0.047738593,0.11085328,0.29798856,True,0.088220924,0.18713528,checkpoints/ResNetVibCNN_vib_spec_fold3_repeat0.pt,c7186cdc135ed146ad602e5d40a61e60de276dc6b10f340597cb9a05d6c6b8e2,3
4,0.106,0.1786194,0.17668484,0.03346419,0.111095026,0.24227466,False,0.07068484,0.13117963,checkpoints/ResNetVibCNN_vib_spec_fold3_repeat0.pt,c7186cdc135ed146ad602e5d40a61e60de276dc6b10f340597cb9a05d6c6b8e2,3
4,0.1104,0.17406046,0.17125158,0.035610184,0.10145562,0.24104753,True,0.06085158,0.1395919,checkpoints/ResNetVibCNN_vib_spec_fold3_repeat0.pt,c7186cdc135ed146ad602e5d40a61e60de276dc6b10f340597cb9a05d6c6b8e2,3
4,0.1072,0.2322345,0.23048332,0.053106498,0.12639458,0.33457208,False,0.12328333,0.20817749,checkpoints/ResNetVibCNN_vib_spec_fold3_repeat0.pt,c7186cdc135ed146ad602e5d40a61e60de276dc6b10f340597cb9a05d6c6b8e2,3
4,0.0988,0.2724188,0.2764602,0.0696597,0.13992718,0.41299322,False,0.1776602,0.27306604,checkpoints/ResNetVibCNN_vib_spec_fold3_repeat0.pt,c7186cdc135ed146ad602e5d40a61e60de276dc6b10f340597cb9a05d6c6b8e2,3
4,0.0946,0.28983527,0.29803714,0.06534636,0.16995828,0.426116,False,0.20343715,0.2561577,checkpoints/ResNetVibCNN_vib_spec_fold3_repeat0.pt,c7186cdc135ed146ad602e5d40a61e60de276dc6b10f340597cb9a05d6c6b8e2,3
4,0.0958,0.18610764,0.19511886,0.039208237,0.11827071,0.271967,False,0.09931886,0.15369628,checkpoints/ResNetVibCNN_vib_spec_fold3_repeat0.pt,c7186cdc135ed146ad602e5d40a61e60de276dc6b10f340597cb9a05d6c6b8e2,3
4,0.0982,0.24137284,0.24194308,0.052211177,0.13960916,0.344277,False,0.14374307,0.20466784,checkpoints/ResNetVibCNN_vib_spec_fold3_repeat0.pt,c7186cdc135ed146ad602e5d40a61e60de276dc6b10f340597cb9a05d6c6b8e2,3
4,0.0922,0.28506234,0.28777847,0.070658565,0.14928767,0.42626926,False,0.19557846,0.2769816,checkpoints/ResNetVibCNN_vib_spec_fold3_repeat0.pt,c7186cdc135ed146ad602e5d40a61e60de276dc6b10f340597cb9a05d6c6b8e2,3
4,0.0908,0.17714074,0.19695255,0.033079784,0.13211617,0.26178893,False,0.10615255,0.12967277,checkpoints/ResNetVibCNN_vib_spec_fold3_repeat0.pt,c7186cdc135ed146ad602e5d40a61e60de276dc6b10f340597cb9a05d6c6b8e2,3
4,0.087,0.21960196,0.20938678,0.0533149,0.10488958,0.313884,False,0.12238678,0.20899442,checkpoints/ResNetVibCNN_vib_spec_fold3_repeat0.pt,c7186cdc135ed146ad602e5d40a61e60de276dc6b10f340597cb9a05d6c6b8e2,3
4,0.0816,0.1871407,0.19718564,0.045830566,0.107357726,0.28701353,False,0.11558563,0.1796558,checkpoints/ResNetVibCNN_vib_spec_fold3_repeat0.pt,c7186cdc135ed146ad602e5d40a61e60de276dc6b10f340597cb9a05d6c6b8e2,3
4,0.0914,0.23190063,0.23355612,0.039749034,0.15564802,0.31146422,False,0.14215612,0.1558162,checkpoints/ResNetVibCNN_vib_spec_fold3_repeat0.pt,c7186cdc135ed146ad602e5d40a61e60de276dc6b10f340597cb9a05d6c6b8e2,3
4,0.088,0.19942944,0.1990712,0.0426858,0.11540703,0.28273538,False,0.1110712,0.16732836,checkpoints/ResNetVibCNN_vib_spec_fold3_repeat0.pt,c7186cdc135ed146ad602e5d40a61e60de276dc6b10f340597cb9a05d6c6b8e2,3
4,0.0848,0.2865688,0.28218642,0.055701338,0.1730118,0.39136106,False,0.19738641,0.21834926,checkpoints/ResNetVibCNN_vib_spec_fold3_repeat0.pt,c7186cdc135ed146ad602e5d40a61e60de276dc6b10f340597cb9a05d6c6b8e2,3
4,0.092,0.28997847,0.2752131,0.058283597,0.16097724,0.38944894,False,0.18321308,0.2284717,checkpoints/ResNetVibCNN_vib_spec_fold3_repeat0.pt,c7186cdc135ed146ad602e5d40a61e60de276dc6b10f340597cb9a05d6c6b8e2,3
4,0.0914,0.26711917,0.2736905,0.051781315,0.17219912,0.37518185,False,0.1822905,0.20298274,checkpoints/ResNetVibCNN_vib_spec_fold3_repeat0.pt,c7186cdc135ed146ad602e5d40a61e60de276dc6b10f340597cb9a05d6c6b8e2,3
4,0.0858,0.22829615,0.23000067,0.045149967,0.14150673,0.31849462,False,0.14420068,0.17698789,checkpoints/ResNetVibCNN_vib_spec_fold3_repeat0.pt,c7186cdc135ed146ad602e5d40a61e60de276dc6b10f340597cb9a05d6c6b8e2,3
4,0.0812,0.23295009,0.23652105,0.052969646,0.13270053,0.34034157,False,0.15532105,0.20764104,checkpoints/ResNetVibCNN_vib_spec_fold3_repeat0.pt,c7186cdc135ed146ad602e5d40a61e60de276dc6b10f340597cb9a05d6c6b8e2,3
5,0.1086,0.090612434,0.08841716,0.007823596,0.07308291,0.103751406,False,0.02018284,0.030668497,checkpoints/ResNetVibCNN_vib_spec_fold4_repeat0.pt,31cd74f6d9ebfa1f2df30dc2caeb4fc17d5f7bf68ca3c690356779125eaf3322,4
5,0.1066,0.091567636,0.09114401,0.00756571,0.07631522,0.105972804,False,0.015455991,0.029657587,checkpoints/ResNetVibCNN_vib_spec_fold4_repeat0.pt,31cd74f6d9ebfa1f2df30dc2caeb4fc17d5f7bf68ca3c690356779125eaf3322,4
5,0.1068,0.091280706,0.090069935,0.007816092,0.07475039,0.105389476,False,0.016730063,0.030639082,checkpoints/ResNetVibCNN_vib_spec_fold4_repeat0.pt,31cd74f6d9ebfa1f2df30dc2caeb4fc17d5f7bf68ca3c690356779125eaf3322,4
5,0.1016,0.09110311,0.08836834,0.00805152,0.07258736,0.10414932,True,0.013231657,0.031561956,checkpoints/ResNetVibCNN_vib_spec_fold4_repeat0.pt,31cd74f6d9ebfa1f2df30dc2caeb4fc17d5f7bf68ca3c690356779125eaf3322,4
5,0.09,0.09105674,0.08792129,0.007449469,0.07332033,0.102522254,True,0.002078712,0.029201925,checkpoints/ResNetVibCNN_vib_spec_fold4_repeat0.pt,31cd74f6d9ebfa1f2df30dc2caeb4fc17d5f7bf68ca3c690356779125eaf3322,4
5,0.0954,0.09196546,0.090023726,0.008163701,0.074022874,0.10602458,True,0.005376272,0.032001704,checkpoints/ResNetVibCNN_vib_spec_fold4_repeat0.pt,31cd74f6d9ebfa1f2df30dc2caeb4fc17d5f7bf68ca3c690356779125eaf3322,4
5,0.093,0.09158173,0.09012727,0.0071075712,0.076196425,0.10405811,True,0.0028727353,0.027861685,checkpoints/ResNetVibCNN_vib_spec_fold4_repeat0.pt,31cd74f6d9ebfa1f2df30dc2caeb4fc17d5f7bf68ca3c690356779125eaf3322,4
5,0.0904,0.09104813,0.09008203,0.0074026003,0.07557293,0.104591124,True,0.00031797588,0.029018193,checkpoints/ResNetVibCNN_vib_spec_fold4_repeat0.pt,31cd74f6d9ebfa1f2df30dc2caeb4fc17d5f7bf68ca3c690356779125eaf3322,4
5,0.097,0.0906061,0.08845192,0.0068442165,0.075037256,0.10186659,True,0.008548081,0.026829332,checkpoints/ResNetVibCNN_vib_spec_fold4_repeat0.pt,31cd74f6d9ebfa1f2df30dc2caeb4fc17d5f7bf68ca3c690356779125eaf3322,4
5,0.0952,0.09024752,0.088064104,0.0082619535,0.07187068,0.10425753,True,0.007135898,0.032386854,checkpoints/ResNetVibCNN_vib_spec_fold4_repeat0.pt,31cd74f6d9ebfa1f2df30dc2caeb4fc17d5f7bf68ca3c690356779125eaf3322,4
5,0.0954,0.09159941,0.089655116,0.0074186204,0.07511462,0.10419561,True,0.005744882,0.029080987,checkpoints/ResNetVibCNN_vib_spec_fold4_repeat0.pt,31cd74f6d9ebfa1f2df30dc2caeb4fc17d5f7bf68ca3c690356779125eaf3322,4
5,0.1036,0.090048335,0.08760501,0.0061945077,0.07546377,0.09974624,False,0.015994996,0.02428247,checkpoints/ResNetVibCNN_vib_spec_fold4_repeat0.pt,31cd74f6d9ebfa1f2df30dc2caeb4fc17d5f7bf68ca3c690356779125eaf3322,4
5,0.098,0.091124326,0.086547524,0.0071568624,0.07252008,0.10057497,True,0.011452474,0.028054893,checkpoints/ResNetVibCNN_vib_spec_fold4_repeat0.pt,31cd74f6d9ebfa1f2df30dc2caeb4fc17d5f7bf68ca3c690356779125eaf3322,4
5,0.0926,0.09152406,0.08718234,0.006029257,0.075365,0.09899969,True,0.00541766,0.023634687,checkpoints/ResNetVibCNN_vib_spec_fold4_repeat0.pt,31cd74f6d9ebfa1f2df30dc2caeb4fc17d5f7bf68ca3c690356779125eaf3322,4
5,0.093,0.08930905,0.08778423,0.007519503,0.073046006,0.102522455,True,0.0052157715,0.029476449,checkpoints/ResNetVibCNN_vib_spec_fold4_repeat0.pt,31cd74f6d9ebfa1f2df30dc2caeb4fc17d5f7bf68ca3c690356779125eaf3322,4
5,0.0962,0.091061614,0.0908904,0.006859602,0.07744558,0.10433522,True,0.0053095967,0.026889637,checkpoints/ResNetVibCNN_vib_spec_fold4_repeat0.pt,31cd74f6d9ebfa1f2df30dc2caeb4fc17d5f7bf68ca3c690356779125eaf3322,4
5,0.0956,0.08939711,0.087971725,0.0073753437,0.07351605,0.1024274,True,0.007628277,0.028911352,checkpoints/ResNetVibCNN_vib_spec_fold4_repeat0.pt,31cd74f6d9ebfa1f2df30dc2caeb4fc17d5f7bf68ca3c690356779125eaf3322,4
5,0.0912,0.089034766,0.08906568,0.0081214905,0.07314756,0.1049838,True,0.0021343231,0.03183624,checkpoints/ResNetVibCNN_vib_spec_fold4_repeat0.pt,31cd74f6d9ebfa1f2df30dc2caeb4fc17d5f7bf68ca3c690356779125eaf3322,4
5,0.0942,0.090541795,0.088970125,0.006958388,0.07533169,0.10260856,True,0.0052298754,0.027276874,checkpoints/ResNetVibCNN_vib_spec_fold4_repeat0.pt,31cd74f6d9ebfa1f2df30dc2caeb4fc17d5f7bf68ca3c690356779125eaf3322,4
5,0.094,0.0897592,0.0885746,0.0076223905,0.073634714,0.10351449,True,0.0054253936,0.029879779,checkpoints/ResNetVibCNN_vib_spec_fold4_repeat0.pt,31cd74f6d9ebfa1f2df30dc2caeb4fc17d5f7bf68ca3c690356779125eaf3322,4
6,0.105,0.08915826,0.08773453,0.008760378,0.07056419,0.10490487,False,0.017265469,0.03434068,checkpoints/ResNetVibCNN_vib_spec_fold5_repeat0.pt,15df5705d44ed36baa9cc6eba49bb25988d7c6f63acd999b8785a543f0ad74d4,5
6,0.0878,0.09360971,0.0937111,0.009031931,0.07600851,0.11141369,True,0.005911097,0.035405174,checkpoints/ResNetVibCNN_vib_spec_fold5_repeat0.pt,15df5705d44ed36baa9cc6eba49bb25988d7c6f63acd999b8785a543f0ad74d4,5
6,0.0936,0.09449542,0.09363192,0.008117958,0.077720724,0.10954312,True,3.1925738e-05,0.0318224,checkpoints/ResNetVibCNN_vib_spec_fold5_repeat0.pt,15df5705d44ed36baa9cc6eba49bb25988d7c6f63acd999b8785a543f0ad74d4,5
6,0.0954,0.09043194,0.09028911,0.0073350305,0.075912446,0.10466577,True,0.0051108897,0.028753325,checkpoints/ResNetVibCNN_vib_spec_fold5_repeat0.pt,15df5705d44ed36baa9cc6eba49bb25988d7c6f63acd999b8785a543f0ad74d4,5
6,0.1012,0.09349644,0.09157276,0.0077974787,0.076289706,0.10685582,True,0.009627238,0.030566111,checkpoints/ResNetVibCNN_vib_spec_fold5_repeat0.pt,15df5705d44ed36baa9cc6eba49bb25988d7c6f63acd999b8785a543f0ad74d4,5
6,0.0954,0.09441517,0.094542846,0.009326558,0.076262794,0.1128229,True,0.00085715204,0.036560103,checkpoints/ResNetVibCNN_vib_spec_fold5_repeat0.pt,15df5705d44ed36baa9cc6eba49bb25988d7c6f63acd999b8785a543f0ad74d4,5
6,0.0992,0.09467689,0.09478609,0.0078033498,0.079491526,0.11008066,True,0.00441391,0.030589134,checkpoints/ResNetVibCNN_vib_spec_fold5_repeat0.pt,15df5705d44ed36baa9cc6eba49bb25988d7c6f63acd999b8785a543f0ad74d4,5
6,0.0964,0.0963766,0.09543095,0.007780964,0.08018026,0.11068164,True,0.0009690523,0.03050138,checkpoints/ResNetVibCNN_vib_spec_fold5_repeat0.pt,15df5705d44ed36baa9cc6eba49bb25988d7c6f63acd999b8785a543f0ad74d4,5
6,0.0908,0.094412945,0.09583595,0.0071824593,0.08175833,0.109913565,True,0.0050359443,0.028155237,checkpoints/ResNetVibCNN_vib_spec_fold5_repeat0.pt,15df5705d44ed36baa9cc6eba49bb25988d7c6f63acd999b8785a543f0ad74d4,5
6,0.098,0.0929792,0.09200546,0.00887402,0.07461238,0.109398544,True,0.005994536,0.034786165,checkpoints/ResNetVibCNN_vib_spec_fold5_repeat0.pt,15df5705d44ed36baa9cc6eba49bb25988d7c6f63acd999b8785a543f0ad74d4,5
6,0.0838,0.0933902,0.091461584,0.008624782,0.074557014,0.108366154,True,0.007661581,0.03380914,checkpoints/ResNetVibCNN_vib_spec_fold5_repeat0.pt,15df5705d44ed36baa9cc6eba49bb25988d7c6f63acd999b8785a543f0ad74d4,5
6,0.0846,0.094406344,0.09310147,0.007173385,0.07904164,0.107161306,True,0.00850147,0.028119668,checkpoints/ResNetVibCNN_vib_spec_fold5_repeat0.pt,15df5705d44ed36baa9cc6eba49bb25988d7c6f63acd999b8785a543f0ad74d4,5
6,0.0872,0.09399032,0.09431031,0.007599279,0.07941572,0.1092049,True,0.0071103126,0.02978918,checkpoints/ResNetVibCNN_vib_spec_fold5_repeat0.pt,15df5705d44ed36baa9cc6eba49bb25988d7c6f63acd999b8785a543f0ad74d4,5
6,0.0862,0.09387697,0.09434492,0.0067912955,0.08103398,0.10765586,True,0.008144923,0.026621878,checkpoints/ResNetVibCNN_vib_spec_fold5_repeat0.pt,15df5705d44ed36baa9cc6eba49bb25988d7c6f63acd999b8785a543f0ad74d4,5
6,0.0886,0.09423493,0.09492891,0.009288921,0.07672263,0.113135196,True,0.0063289106,0.036412567,checkpoints/ResNetVibCNN_vib_spec_fold5_repeat0.pt,15df5705d44ed36baa9cc6eba49bb25988d7c6f63acd999b8785a543f0ad74d4,5
6,0.0834,0.0957469,0.09607675,0.0086839525,0.0790562,0.113097295,True,0.012676746,0.03404109,checkpoints/ResNetVibCNN_vib_spec_fold5_repeat0.pt,15df5705d44ed36baa9cc6eba49bb25988d7c6f63acd999b8785a543f0ad74d4,5
6,0.079,0.09499787,0.09491908,0.0073001357,0.08061081,0.109227344,False,0.015919074,0.028616533,checkpoints/ResNetVibCNN_vib_spec_fold5_repeat0.pt,15df5705d44ed36baa9cc6eba49bb25988d7c6f63acd999b8785a543f0ad74d4,5
6,0.0858,0.093379766,0.09257307,0.010670649,0.0716586,0.11348754,True,0.0067730695,0.041828945,checkpoints/ResNetVibCNN_vib_spec_fold5_repeat0.pt,15df5705d44ed36baa9cc6eba49bb25988d7c6f63acd999b8785a543f0ad74d4,5
6,0.0862,0.09669471,0.09688402,0.007955331,0.08129157,0.11247647,True,0.010684021,0.031184897,checkpoints/ResNetVibCNN_vib_spec_fold5_repeat0.pt,15df5705d44ed36baa9cc6eba49bb25988d7c6f63acd999b8785a543f0ad74d4,5
6,0.0782,0.09528829,0.09276557,0.0074068615,0.07824812,0.10728302,False,0.014565572,0.029034898,checkpoints/ResNetVibCNN_vib_spec_fold5_repeat0.pt,15df5705d44ed36baa9cc6eba49bb25988d7c6f63acd999b8785a543f0ad74d4,5
7,0.3806,0.094313964,0.093943655,0.0033628845,0.0873524,0.10053491,False,0.28665635,0.013182506,checkpoints/ResNetVibCNN_vib_spec_fold6_repeat0.pt,91e5bdfd395696ee598fa931853ab0947ddd8965beab5b61296766986a8cb25e,6
7,0.377,0.09948347,0.101281635,0.005200678,0.09108831,0.11147496,False,0.27571836,0.020386651,checkpoints/ResNetVibCNN_vib_spec_fold6_repeat0.pt,91e5bdfd395696ee598fa931853ab0947ddd8965beab5b61296766986a8cb25e,6
7,0.3674,0.118152305,0.119947225,0.011036128,0.098316416,0.14157803,False,0.24745277,0.043261617,checkpoints/ResNetVibCNN_vib_spec_fold6_repeat0.pt,91e5bdfd395696ee598fa931853ab0947ddd8965beab5b61296766986a8cb25e,6
7,0.3644,0.10137568,0.10322666,0.006191011,0.09109228,0.11536104,False,0.26117334,0.024268761,checkpoints/ResNetVibCNN_vib_spec_fold6_repeat0.pt,91e5bdfd395696ee598fa931853ab0947ddd8965beab5b61296766986a8cb25e,6
7,0.3676,0.13935874,0.13922134,0.016547984,0.106787294,0.17165539,False,0.22837865,0.06486809,checkpoints/ResNetVibCNN_vib_spec_fold6_repeat0.pt,91e5bdfd395696ee598fa931853ab0947ddd8965beab5b61296766986a8cb25e,6
7,0.363,0.09558027,0.09627897,0.0048035025,0.08686411,0.10569384,False,0.26672104,0.018829733,checkpoints/ResNetVibCNN_vib_spec_fold6_repeat0.pt,91e5bdfd395696ee598fa931853ab0947ddd8965beab5b61296766986a8cb25e,6
7,0.3622,0.10046153,0.10300981,0.00807443,0.08718393,0.118835695,False,0.25919017,0.031651765,checkpoints/ResNetVibCNN_vib_spec_fold6_repeat0.pt,91e5bdfd395696ee598fa931853ab0947ddd8965beab5b61296766986a8cb25e,6
7,0.3562,0.10124072,0.10355213,0.00798705,0.08789751,0.11920676,False,0.25264788,0.031309247,checkpoints/ResNetVibCNN_vib_spec_fold6_repeat0.pt,91e5bdfd395696ee598fa931853ab0947ddd8965beab5b61296766986a8cb25e,6
7,0.3548,0.08162777,0.08082571,0.0051732874,0.070686065,0.09096535,False,0.27397427,0.020279288,checkpoints/ResNetVibCNN_vib_spec_fold6_repeat0.pt,91e5bdfd395696ee598fa931853ab0947ddd8965beab5b61296766986a8cb25e,6
7,0.35279998,0.08593993,0.08659614,0.0051956167,0.07641273,0.09677955,False,0.26620385,0.020366818,checkpoints/ResNetVibCNN_vib_spec_fold6_repeat0.pt,91e5bdfd395696ee598fa931853ab0947ddd8965beab5b61296766986a8cb25e,6
7,0.3496,0.10092329,0.10526262,0.015682414,0.07452509,0.13600016,False,0.24433737,0.06147507,checkpoints/ResNetVibCNN_vib_spec_fold6_repeat0.pt,91e5bdfd395696ee598fa931853ab0947ddd8965beab5b61296766986a8cb25e,6
7,0.3496,0.106206074,0.105110995,0.015727589,0.07428492,0.13593706,False,0.24448898,0.061652146,checkpoints/ResNetVibCNN_vib_spec_fold6_repeat0.pt,91e5bdfd395696ee598fa931853ab0947ddd8965beab5b61296766986a8cb25e,6
7,0.3564,0.0840151,0.08587855,0.006300327,0.073529914,0.09822719,False,0.27052146,0.024697274,checkpoints/ResNetVibCNN_vib_spec_fold6_repeat0.pt,91e5bdfd395696ee598fa931853ab0947ddd8965beab5b61296766986a8cb25e,6
7,0.346,0.082437456,0.08303318,0.0061013284,0.071074575,0.09499179,False,0.2629668,0.023917213,checkpoints/ResNetVibCNN_vib_spec_fold6_repeat0.pt,91e5bdfd395696ee598fa931853ab0947ddd8965beab5b61296766986a8cb25e,6
7,0.3376,0.14994761,0.14729655,0.018494677,0.111046985,0.18354611,False,0.19030344,0.072499126,checkpoints/ResNetVibCNN_vib_spec_fold6_repeat0.pt,91e5bdfd395696ee598fa931853ab0947ddd8965beab5b61296766986a8cb25e,6
7,0.3366,0.08548575,0.0875023,0.006018972,0.07570512,0.09929948,False,0.2490977,0.023594365,checkpoints/ResNetVibCNN_vib_spec_fold6_repeat0.pt,91e5bdfd395696ee598fa931853ab0947ddd8965beab5b61296766986a8cb25e,6
7,0.3458,0.10889958,0.11161592,0.017773231,0.07678038,0.14645146,False,0.23418409,0.06967108,checkpoints/ResNetVibCNN_vib_spec_fold6_repeat0.pt,91e5bdfd395696ee598fa931853ab0947ddd8965beab5b61296766986a8cb25e,6
7,0.33699998,0.10674711,0.11243104,0.01829408,0.076574646,0.14828745,False,0.22456893,0.0717128,checkpoints/ResNetVibCNN_vib_spec_fold6_repeat0.pt,91e5bdfd395696ee598fa931853ab0947ddd8965beab5b61296766986a8cb25e,6
7,0.33919996,0.16465488,0.16542035,0.023027178,0.12028708,0.21055362,False,0.1737796,0.09026653,checkpoints/ResNetVibCNN_vib_spec_fold6_repeat0.pt,91e5bdfd395696ee598fa931853ab0947ddd8965beab5b61296766986a8cb25e,6
7,0.3356,0.09494079,0.103614405,0.013143706,0.07785274,0.12937607,False,0.23198558,0.051523328,checkpoints/ResNetVibCNN_vib_spec_fold6_repeat0.pt,91e5bdfd395696ee598fa931853ab0947ddd8965beab5b61296766986a8cb25e,6
8,0.2578,0.17937823,0.1733166,0.018606897,0.13684708,0.20978612,False,0.084483415,0.07293904,checkpoints/ResNetVibCNN_vib_spec_fold7_repeat0.pt,a73a6fd4e20cbb97eaf37a2cc21769acef224c74541cafdb3266bf163e6523ca,7
8,0.2592,0.2151655,0.20800807,0.023501191,0.16194573,0.2540704,False,0.05119194,0.09212467,checkpoints/ResNetVibCNN_vib_spec_fold7_repeat0.pt,a73a6fd4e20cbb97eaf37a2cc21769acef224c74541cafdb3266bf163e6523ca,7
8,0.2534,0.165912,0.15938056,0.0150632635,0.12985656,0.18890455,False,0.09401944,0.059047997,checkpoints/ResNetVibCNN_vib_spec_fold7_repeat0.pt,a73a6fd4e20cbb97eaf37a2cc21769acef224c74541cafdb3266bf163e6523ca,7
8,0.2526,0.16260073,0.16018856,0.015351088,0.13010043,0.19027668,False,0.09241146,0.060176253,checkpoints/ResNetVibCNN_vib_spec_fold7_repeat0.pt,a73a6fd4e20cbb97eaf37a2cc21769acef224c74541cafdb3266bf163e6523ca,7
8,0.2438,0.12509686,0.12386931,0.007917998,0.10835003,0.13938859,False,0.11993069,0.03103856,checkpoints/ResNetVibCNN_vib_spec_fold7_repeat0.pt,a73a6fd4e20cbb97eaf37a2cc21769acef224c74541cafdb3266bf163e6523ca,7
8,0.2334,0.21956418,0.21217108,0.017701598,0.17747594,0.24686621,True,0.021228924,0.06939027,checkpoints/ResNetVibCNN_vib_spec_fold7_repeat0.pt,a73a6fd4e20cbb97eaf37a2cc21769acef224c74541cafdb3266bf163e6523ca,7
8,0.241,0.117118575,0.11358836,0.008719835,0.09649748,0.13067923,False,0.12741163,0.03418175,checkpoints/ResNetVibCNN_vib_spec_fold7_repeat0.pt,a73a6fd4e20cbb97eaf37a2cc21769acef224c74541cafdb3266bf163e6523ca,7
8,0.2466,0.17894436,0.1769945,0.015646402,0.14632756,0.20766145,False,0.0696055,0.061333895,checkpoints/ResNetVibCNN_vib_spec_fold7_repeat0.pt,a73a6fd4e20cbb97eaf37a2cc21769acef224c74541cafdb3266bf163e6523ca,7
8,0.2434,0.13750833,0.13198024,0.012478259,0.10752285,0.15643764,False,0.11141975,0.048914783,checkpoints/ResNetVibCNN_vib_spec_fold7_repeat0.pt,a73a6fd4e20cbb97eaf37a2cc21769acef224c74541cafdb3266bf163e6523ca,7
8,0.2594,0.16792314,0.16504131,0.016771311,0.13216954,0.19791308,False,0.0943587,0.065743536,checkpoints/ResNetVibCNN_vib_spec_fold7_repeat0.pt,a73a6fd4e20cbb97eaf37a2cc21769acef224c74541cafdb3266bf163e6523ca,7
8,0.247,0.118134126,0.11739465,0.009575479,0.09862671,0.13616258,False,0.12960535,0.03753587,checkpoints/ResNetVibCNN_vib_spec_fold7_repeat0.pt,a73a6fd4e20cbb97eaf37a2cc21769acef224c74541cafdb3266bf163e6523ca,7
8,0.2302,0.21023256,0.20368609,0.016505655,0.17133501,0.23603716,True,0.026513904,0.06470215,checkpoints/ResNetVibCNN_vib_spec_fold7_repeat0.pt,a73a6fd4e20cbb97eaf37a2cc21769acef224c74541cafdb3266bf163e6523ca,7
8,0.2434,0.11958396,0.11716804,0.009005742,0.09951679,0.1348193,False,0.12623195,0.035302512,checkpoints/ResNetVibCNN_vib_spec_fold7_repeat0.pt,a73a6fd4e20cbb97eaf37a2cc21769acef224c74541cafdb3266bf163e6523ca,7
8,0.2352,0.14286558,0.14444493,0.013853051,0.11729295,0.17159691,False,0.090755075,0.054303966,checkpoints/ResNetVibCNN_vib_spec_fold7_repeat0.pt,a73a6fd4e20cbb97eaf37a2cc21769acef224c74541cafdb3266bf163e6523ca,7
8,0.237,0.14745237,0.14478669,0.013705065,0.11792476,0.1716486,False,0.09221332,0.05372385,checkpoints/ResNetVibCNN_vib_spec_fold7_repeat0.pt,a73a6fd4e20cbb97eaf37a2cc21769acef224c74541cafdb3266bf163e6523ca,7
8,0.2398,0.14765666,0.14790776,0.013009878,0.122408405,0.17340712,False,0.09189224,0.050998718,checkpoints/ResNetVibCNN_vib_spec_fold7_repeat0.pt,a73a6fd4e20cbb97eaf37a2cc21769acef224c74541cafdb3266bf163e6523ca,7
8,0.2232,0.16640973,0.16313797,0.016612135,0.13057819,0.19569775,False,0.06006202,0.065119565,checkpoints/ResNetVibCNN_vib_spec_fold7_repeat0.pt,a73a6fd4e20cbb97eaf37a2cc21769acef224c74541cafdb3266bf163e6523ca,7
8,0.2296,0.12632287,0.12735325,0.010840846,0.10610519,0.14860131,False,0.10224675,0.042496115,checkpoints/ResNetVibCNN_vib_spec_fold7_repeat0.pt,a73a6fd4e20cbb97eaf37a2cc21769acef224c74541cafdb3266bf163e6523ca,7
8,0.2232,0.14574735,0.14549747,0.011663868,0.12263629,0.16835865,False,0.07770252,0.045722365,checkpoints/ResNetVibCNN_vib_spec_fold7_repeat0.pt,a73a6fd4e20cbb97eaf37a2cc21769acef224c74541cafdb3266bf163e6523ca,7
8,0.2316,0.14677946,0.14141835,0.012887944,0.11615798,0.16667873,False,0.09018165,0.050520748,checkpoints/ResNetVibCNN_vib_spec_fold7_repeat0.pt,a73a6fd4e20cbb97eaf37a2cc21769acef224c74541cafdb3266bf163e6523ca,7
9,0.096,0.10315552,0.104969084,0.010349755,0.08468357,0.1252546,True,0.008969083,0.040571034,checkpoints/ResNetVibCNN_vib_spec_fold8_repeat0.pt,7b3a8ef941daf7062aca16ef69ca3bb36705d02083e69ccac3e38775c9eba827,8
9,0.0998,0.12882413,0.13446108,0.019834306,0.09558584,0.17333631,True,0.034661077,0.077750474,checkpoints/ResNetVibCNN_vib_spec_fold8_repeat0.pt,7b3a8ef941daf7062aca16ef69ca3bb36705d02083e69ccac3e38775c9eba827,8
9,0.094,0.105683,0.11156056,0.012790579,0.086491026,0.1366301,True,0.017560564,0.050139077,checkpoints/ResNetVibCNN_vib_spec_fold8_repeat0.pt,7b3a8ef941daf7062aca16ef69ca3bb36705d02083e69ccac3e38775c9eba827,8
9,0.0954,0.1116582,0.11919822,0.014943138,0.089909665,0.14848676,True,0.02379822,0.058577098,checkpoints/ResNetVibCNN_vib_spec_fold8_repeat0.pt,7b3a8ef941daf7062aca16ef69ca3bb36705d02083e69ccac3e38775c9eba827,8
9,0.096,0.12105863,0.123303674,0.013527907,0.09678897,0.14981838,False,0.027303673,0.053029403,checkpoints/ResNetVibCNN_vib_spec_fold8_repeat0.pt,7b3a8ef941daf7062aca16ef69ca3bb36705d02083e69ccac3e38775c9eba827,8
9,0.0966,0.13654062,0.13955238,0.01852067,0.103251874,0.1758529,False,0.04295238,0.07260102,checkpoints/ResNetVibCNN_vib_spec_fold8_repeat0.pt,7b3a8ef941daf7062aca16ef69ca3bb36705d02083e69ccac3e38775c9eba827,8
9,0.0842,0.14672433,0.15455006,0.018382464,0.11852043,0.19057968,False,0.07035006,0.07205925,checkpoints/ResNetVibCNN_vib_spec_fold8_repeat0.pt,7b3a8ef941daf7062aca16ef69ca3bb36705d02083e69ccac3e38775c9eba827,8
9,0.085,0.14778529,0.14869311,0.022739012,0.10412465,0.19326158,False,0.06369311,0.08913693,checkpoints/ResNetVibCNN_vib_spec_fold8_repeat0.pt,7b3a8ef941daf7062aca16ef69ca3bb36705d02083e69ccac3e38775c9eba827,8
9,0.0866,0.20127243,0.1982052,0.031612903,0.13624391,0.2601665,False,0.111605205,0.12392259,checkpoints/ResNetVibCNN_vib_spec_fold8_repeat0.pt,7b3a8ef941daf7062aca16ef69ca3bb36705d02083e69ccac3e38775c9eba827,8
9,0.0824,0.17549393,0.17985857,0.024139255,0.13254562,0.22717151,False,0.097458564,0.09462589,checkpoints/ResNetVibCNN_vib_spec_fold8_repeat0.pt,7b3a8ef941daf7062aca16ef69ca3bb36705d02083e69ccac3e38775c9eba827,8
9,0.078,0.18789461,0.19489284,0.026640637,0.14267719,0.24710849,False,0.11689284,0.1044313,checkpoints/ResNetVibCNN_vib_spec_fold8_repeat0.pt,7b3a8ef941daf7062aca16ef69ca3bb36705d02083e69ccac3e38775c9eba827,8
9,0.081,0.19519442,0.20104387,0.031415083,0.13947031,0.26261744,False,0.120043874,0.12314713,checkpoints/ResNetVibCNN_vib_spec_fold8_repeat0.pt,7b3a8ef941daf7062aca16ef69ca3bb36705d02083e69ccac3e38775c9eba827,8
9,0.0814,0.16256262,0.16763651,0.02515176,0.11833906,0.21693397,False,0.086236514,0.098594904,checkpoints/ResNetVibCNN_vib_spec_fold8_repeat0.pt,7b3a8ef941daf7062aca16ef69ca3bb36705d02083e69ccac3e38775c9eba827,8
9,0.0746,0.18048823,0.1862272,0.02882146,0.12973714,0.24271727,False,0.1116272,0.11298013,checkpoints/ResNetVibCNN_vib_spec_fold8_repeat0.pt,7b3a8ef941daf7062aca16ef69ca3bb36705d02083e69ccac3e38775c9eba827,8
9,0.0774,0.15999225,0.16017905,0.025014456,0.11115071,0.20920739,False,0.08277905,0.098056674,checkpoints/ResNetVibCNN_vib_spec_fold8_repeat0.pt,7b3a8ef941daf7062aca16ef69ca3bb36705d02083e69ccac3e38775c9eba827,8
9,0.0826,0.214546,0.22042117,0.029755352,0.16210067,0.27874166,False,0.13782117,0.116640985,checkpoints/ResNetVibCNN_vib_spec_fold8_repeat0.pt,7b3a8ef941daf7062aca16ef69ca3bb36705d02083e69ccac3e38775c9eba827,8
9,0.0726,0.18591405,0.18681344,0.0283947,0.13115983,0.24246706,False,0.114213444,0.11130723,checkpoints/ResNetVibCNN_vib_spec_fold8_repeat0.pt,7b3a8ef941daf7062aca16ef69ca3bb36705d02083e69ccac3e38775c9eba827,8
9,0.0774,0.15979747,0.16384329,0.022457166,0.11982724,0.20785934,False,0.08644329,0.0880321,checkpoints/ResNetVibCNN_vib_spec_fold8_repeat0.pt,7b3a8ef941daf7062aca16ef69ca3bb36705d02083e69ccac3e38775c9eba827,8
9,0.074,0.23111087,0.22944513,0.036671676,0.15756863,0.30132163,False,0.15544513,0.14375299,checkpoints/ResNetVibCNN_vib_spec_fold8_repeat0.pt,7b3a8ef941daf7062aca16ef69ca3bb36705d02083e69ccac3e38775c9eba827,8
9,0.0756,0.20844235,0.21252175,0.027546208,0.15853117,0.2665123,False,0.13692175,0.10798113,checkpoints/ResNetVibCNN_vib_spec_fold8_repeat0.pt,7b3a8ef941daf7062aca16ef69ca3bb36705d02083e69ccac3e38775c9eba827,8
10,0.0978,0.09390854,0.09400074,0.0051182806,0.08396891,0.104032576,True,0.0037992597,0.020063668,checkpoints/ResNetVibCNN_vib_spec_fold9_repeat0.pt,4e018fa1841037cd8dfaf434f0ba465a3c40dd77c1de3d4e7bc9276b332a0302,9
10,0.089,0.093084484,0.09314707,0.0065140068,0.08037961,0.105914526,True,0.0041470677,0.025534913,checkpoints/ResNetVibCNN_vib_spec_fold9_repeat0.pt,4e018fa1841037cd8dfaf434f0ba465a3c40dd77c1de3d4e7bc9276b332a0302,9
10,0.0944,0.09341885,0.09185657,0.005946931,0.08020058,0.103512555,True,0.0025434345,0.023311973,checkpoints/ResNetVibCNN_vib_spec_fold9_repeat0.pt,4e018fa1841037cd8dfaf434f0ba465a3c40dd77c1de3d4e7bc9276b332a0302,9
10,0.076,0.092866845,0.094232894,0.0063795843,0.081728905,0.10673688,False,0.018232897,0.025007978,checkpoints/ResNetVibCNN_vib_spec_fold9_repeat0.pt,4e018fa1841037cd8dfaf434f0ba465a3c40dd77c1de3d4e7bc9276b332a0302,9
10,0.08240001,0.093691595,0.0949519,0.006238137,0.08272515,0.10717864,False,0.012551889,0.024453491,checkpoints/ResNetVibCNN_vib_spec_fold9_repeat0.pt,4e018fa1841037cd8dfaf434f0ba465a3c40dd77c1de3d4e7bc9276b332a0302,9
10,0.085,0.09359976,0.094535515,0.006341283,0.0821066,0.10696443,True,0.009535514,0.024857834,checkpoints/ResNetVibCNN_vib_spec_fold9_repeat0.pt,4e018fa1841037cd8dfaf434f0ba465a3c40dd77c1de3d4e7bc9276b332a0302,9
10,0.0786,0.093023814,0.093145095,0.0063022794,0.08079263,0.10549756,False,0.014545098,0.024704933,checkpoints/ResNetVibCNN_vib_spec_fold9_repeat0.pt,4e018fa1841037cd8dfaf434f0ba465a3c40dd77c1de3d4e7bc9276b332a0302,9
10,0.0736,0.09318351,0.0937766,0.006453619,0.08112751,0.10642569,False,0.020176597,0.025298178,checkpoints/ResNetVibCNN_vib_spec_fold9_repeat0.pt,4e018fa1841037cd8dfaf434f0ba465a3c40dd77c1de3d4e7bc9276b332a0302,9
10,0.0794,0.09316494,0.09351143,0.006552688,0.08066817,0.1063547,False,0.014111429,0.025686532,checkpoints/ResNetVibCNN_vib_spec_fold9_repeat0.pt,4e018fa1841037cd8dfaf434f0ba465a3c40dd77c1de3d4e7bc9276b332a0302,9
10,0.0776,0.093000285,0.094616026,0.006664743,0.08155313,0.10767892,False,0.017016023,0.026125789,checkpoints/ResNetVibCNN_vib_spec_fold9_repeat0.pt,4e018fa1841037cd8dfaf434f0ba465a3c40dd77c1de3d4e7bc9276b332a0302,9
10,0.07,0.093360834,0.09298606,0.005832939,0.081553504,0.10441862,False,0.022986062,0.022865117,checkpoints/ResNetVibCNN_vib_spec_fold9_repeat0.pt,4e018fa1841037cd8dfaf434f0ba465a3c40dd77c1de3d4e7bc9276b332a0302,9
10,0.076,0.092743754,0.09334335,0.006396936,0.080805354,0.10588134,False,0.01734335,0.025075987,checkpoints/ResNetVibCNN_vib_spec_fold9_repeat0.pt,4e018fa1841037cd8dfaf434f0ba465a3c40dd77c1de3d4e7bc9276b332a0302,9
10,0.078,0.0930055,0.09545317,0.00600161,0.08369002,0.10721633,False,0.017453171,0.02352631,checkpoints/ResNetVibCNN_vib_spec_fold9_repeat0.pt,4e018fa1841037cd8dfaf434f0ba465a3c40dd77c1de3d4e7bc9276b332a0302,9
10,0.0744,0.09302435,0.09330594,0.0065615224,0.08044536,0.10616652,False,0.018905938,0.025721163,checkpoints/ResNetVibCNN_vib_spec_fold9_repeat0.pt,4e018fa1841037cd8dfaf434f0ba465a3c40dd77c1de3d4e7bc9276b332a0302,9
10,0.0738,0.09336613,0.09268653,0.0053240894,0.08225131,0.10312174,False,0.018886529,0.020870432,checkpoints/ResNetVibCNN_vib_spec_fold9_repeat0.pt,4e018fa1841037cd8dfaf434f0ba465a3c40dd77c1de3d4e7bc9276b332a0302,9
10,0.066,0.09332875,0.09338743,0.0056365686,0.082339756,0.10443511,False,0.027387433,0.022095352,checkpoints/ResNetVibCNN_vib_spec_fold9_repeat0.pt,4e018fa1841037cd8dfaf434f0ba465a3c40dd77c1de3d4e7bc9276b332a0302,9
10,0.0732,0.09308804,0.09387675,0.0061248527,0.08187204,0.10588146,False,0.020676747,0.024009421,checkpoints/ResNetVibCNN_vib_spec_fold9_repeat0.pt,4e018fa1841037cd8dfaf434f0ba465a3c40dd77c1de3d4e7bc9276b332a0302,9
10,0.0726,0.09320862,0.0943254,0.0058803884,0.08279984,0.105850965,False,0.021725401,0.023051128,checkpoints/ResNetVibCNN_vib_spec_fold9_repeat0.pt,4e018fa1841037cd8dfaf434f0ba465a3c40dd77c1de3d4e7bc9276b332a0302,9
10,0.0732,0.09321025,0.09255763,0.0060296813,0.08073945,0.10437581,False,0.01935763,0.023636356,checkpoints/ResNetVibCNN_vib_spec_fold9_repeat0.pt,4e018fa1841037cd8dfaf434f0ba465a3c40dd77c1de3d4e7bc9276b332a0302,9
10,0.0742,0.0937458,0.09450447,0.0057948916,0.08314648,0.10586245,False,0.020304471,0.02271597,checkpoints/ResNetVibCNN_vib_spec_fold9_repeat0.pt,4e018fa1841037cd8dfaf434f0ba465a3c40dd77c1de3d4e7bc9276b332a0302,9
11,0.1136,0.089709185,0.08901497,0.0074348846,0.074442595,0.103587344,False,0.024585031,0.029144749,checkpoints/ResNetVibCNN_vib_spec_fold10_repeat0.pt,e4b46d41626f886a97ae7a8d7f35ca7dff391138c54a8e9ca336b3cdac0f7c5f,10
11,0.1122,0.09193992,0.09354711,0.008559548,0.076770395,0.11032383,False,0.018652886,0.033553436,checkpoints/ResNetVibCNN_vib_spec_fold10_repeat0.pt,e4b46d41626f886a97ae7a8d7f35ca7dff391138c54a8e9ca336b3cdac0f7c5f,10
11,0.111,0.094582155,0.09732199,0.009272226,0.07914843,0.11549555,True,0.013678014,0.03634712,checkpoints/ResNetVibCNN_vib_spec_fold10_repeat0.pt,e4b46d41626f886a97ae7a8d7f35ca7dff391138c54a8e9ca336b3cdac0f7c5f,10
11,0.1058,0.09230823,0.094541416,0.007006997,0.0808077,0.10827513,True,0.011258587,0.02746743,checkpoints/ResNetVibCNN_vib_spec_fold10_repeat0.pt,e4b46d41626f886a97ae7a8d7f35ca7dff391138c54a8e9ca336b3cdac0f7c5f,10
11,0.1106,0.09327719,0.095691435,0.010389178,0.07532865,0.11605422,True,0.014908567,0.040725574,checkpoints/ResNetVibCNN_vib_spec_fold10_repeat0.pt,e4b46d41626f886a97ae7a8d7f35ca7dff391138c54a8e9ca336b3cdac0f7c5f,10
11,0.1026,0.09175486,0.092900716,0.00871342,0.07582241,0.10997902,True,0.009699285,0.034156606,checkpoints/ResNetVibCNN_vib_spec_fold10_repeat0.pt,e4b46d41626f886a97ae7a8d7f35ca7dff391138c54a8e9ca336b3cdac0f7c5f,10
11,0.1074,0.093454145,0.09663257,0.007870426,0.08120653,0.11205861,True,0.01076743,0.03085208,checkpoints/ResNetVibCNN_vib_spec_fold10_repeat0.pt,e4b46d41626f886a97ae7a8d7f35ca7dff391138c54a8e9ca336b3cdac0f7c5f,10
11,0.122,0.091313794,0.09350967,0.0077807372,0.07825942,0.10875991,False,0.028490335,0.030500486,checkpoints/ResNetVibCNN_vib_spec_fold10_repeat0.pt,e4b46d41626f886a97ae7a8d7f35ca7dff391138c54a8e9ca336b3cdac0f7c5f,10
11,0.1002,0.09415455,0.09651896,0.00818322,0.08047985,0.112558074,True,0.0036810338,0.03207822,checkpoints/ResNetVibCNN_vib_spec_fold10_repeat0.pt,e4b46d41626f886a97ae7a8d7f35ca7dff391138c54a8e9ca336b3cdac0f7c5f,10
11,0.1084,0.09387803,0.09621256,0.00971063,0.07717972,0.115245394,True,0.012187444,0.038065672,checkpoints/ResNetVibCNN_vib_spec_fold10_repeat0.pt,e4b46d41626f886a97ae7a8d7f35ca7dff391138c54a8e9ca336b3cdac0f7c5f,10
11,0.1108,0.091042586,0.09069535,0.0083091585,0.0744094,0.1069813,False,0.020104647,0.032571897,checkpoints/ResNetVibCNN_vib_spec_fold10_repeat0.pt,e4b46d41626f886a97ae7a8d7f35ca7dff391138c54a8e9ca336b3cdac0f7c5f,10
11,0.1168,0.09360772,0.097194746,0.0074157673,0.08265984,0.11172965,False,0.019605257,0.029069811,checkpoints/ResNetVibCNN_vib_spec_fold10_repeat0.pt,e4b46d41626f886a97ae7a8d7f35ca7dff391138c54a8e9ca336b3cdac0f7c5f,10
11,0.1102,0.09087757,0.08987386,0.008164189,0.073872045,0.10587567,False,0.020326145,0.032003626,checkpoints/ResNetVibCNN_vib_spec_fold10_repeat0.pt,e4b46d41626f886a97ae7a8d7f35ca7dff391138c54a8e9ca336b3cdac0f7c5f,10
11,0.1072,0.095084794,0.09846649,0.008148266,0.08249589,0.114437096,True,0.0087335035,0.031941205,checkpoints/ResNetVibCNN_vib_spec_fold10_repeat0.pt,e4b46d41626f886a97ae7a8d7f35ca7dff391138c54a8e9ca336b3cdac0f7c5f,10
11,0.1054,0.09231248,0.09162395,0.007374361,0.0771702,0.10607769,True,0.0137760565,0.028907493,checkpoints/ResNetVibCNN_vib_spec_fold10_repeat0.pt,e4b46d41626f886a97ae7a8d7f35ca7dff391138c54a8e9ca336b3cdac0f7c5f,10
11,0.103,0.09254036,0.094732836,0.0074319174,0.08016628,0.10929939,True,0.008267164,0.029133111,checkpoints/ResNetVibCNN_vib_spec_fold10_repeat0.pt,e4b46d41626f886a97ae7a8d7f35ca7dff391138c54a8e9ca336b3cdac0f7c5f,10
11,0.1016,0.09384039,0.09681546,0.011572218,0.07413391,0.11949701,True,0.0047845393,0.0453631,checkpoints/ResNetVibCNN_vib_spec_fold10_repeat0.pt,e4b46d41626f886a97ae7a8d7f35ca7dff391138c54a8e9ca336b3cdac0f7c5f,10
11,0.106,0.09529574,0.09741072,0.0105736535,0.07668636,0.11813509,True,0.008589275,0.041448727,checkpoints/ResNetVibCNN_vib_spec_fold10_repeat0.pt,e4b46d41626f886a97ae7a8d7f35ca7dff391138c54a8e9ca336b3cdac0f7c5f,10
11,0.1034,0.09255519,0.0936562,0.007977277,0.07802074,0.10929166,True,0.009743802,0.03127092,checkpoints/ResNetVibCNN_vib_spec_fold10_repeat0.pt,e4b46d41626f886a97ae7a8d7f35ca7dff391138c54a8e9ca336b3cdac0f7c5f,10
11,0.1082,0.0956113,0.1019284,0.010955387,0.08045584,0.12340096,True,0.0062716007,0.042945117,checkpoints/ResNetVibCNN_vib_spec_fold10_repeat0.pt,e4b46d41626f886a97ae7a8d7f35ca7dff391138c54a8e9ca336b3cdac0f7c5f,10
12,0.1022,0.09671347,0.0963235,0.0029233063,0.090593815,0.10205318,False,0.005876504,0.0114593655,checkpoints/ResNetVibCNN_vib_spec_fold11_repeat0.pt,2691817965a19431c667af1bc1c1d9f7d3fbdba468304c088481cb12a4a97ce2,11
12,0.1066,0.102427915,0.10149449,0.004068661,0.09351991,0.10946907,True,0.0051055104,0.01594916,checkpoints/ResNetVibCNN_vib_spec_fold11_repeat0.pt,2691817965a19431c667af1bc1c1d9f7d3fbdba468304c088481cb12a4a97ce2,11
12,0.102,0.10238526,0.1025598,0.0042929132,0.094145685,0.11097391,True,0.0005597994,0.016828224,checkpoints/ResNetVibCNN_vib_spec_fold11_repeat0.pt,2691817965a19431c667af1bc1c1d9f7d3fbdba468304c088481cb12a4a97ce2,11
12,0.1022,0.09757817,0.098055296,0.0037251853,0.090753935,0.105356656,True,0.004144706,0.014602721,checkpoints/ResNetVibCNN_vib_spec_fold11_repeat0.pt,2691817965a19431c667af1bc1c1d9f7d3fbdba468304c088481cb12a4a97ce2,11
12,0.1014,0.098396435,0.09836728,0.0041412143,0.0902505,0.10648406,True,0.0030327216,0.016233563,checkpoints/ResNetVibCNN_vib_spec_fold11_repeat0.pt,2691817965a19431c667af1bc1c1d9f7d3fbdba468304c088481cb12a4a97ce2,11
12,0.0928,0.09575818,0.0952836,0.003197784,0.08901594,0.10155126,True,0.002483599,0.012535319,checkpoints/ResNetVibCNN_vib_spec_fold11_repeat0.pt,2691817965a19431c667af1bc1c1d9f7d3fbdba468304c088481cb12a4a97ce2,11
12,0.0964,0.09803002,0.098610125,0.0034105044,0.09192554,0.10529471,True,0.0022101253,0.013369173,checkpoints/ResNetVibCNN_vib_spec_fold11_repeat0.pt,2691817965a19431c667af1bc1c1d9f7d3fbdba468304c088481cb12a4a97ce2,11
12,0.0968,0.10064315,0.10031471,0.0030491264,0.09433842,0.106290996,True,0.003514707,0.011952579,checkpoints/ResNetVibCNN_vib_spec_fold11_repeat0.pt,2691817965a19431c667af1bc1c1d9f7d3fbdba468304c088481cb12a4a97ce2,11
12,0.0988,0.09644078,0.09724563,0.0032810909,0.090814695,0.10367657,True,0.0015543699,0.012861878,checkpoints/ResNetVibCNN_vib_spec_fold11_repeat0.pt,2691817965a19431c667af1bc1c1d9f7d3fbdba468304c088481cb12a4a97ce2,11
12,0.089,0.10348143,0.103941165,0.0068664877,0.090482846,0.117399484,False,0.014941163,0.026916638,checkpoints/ResNetVibCNN_vib_spec_fold11_repeat0.pt,2691817965a19431c667af1bc1c1d9f7d3fbdba468304c088481cb12a4a97ce2,11
12,0.0898,0.09902991,0.09925857,0.003524447,0.092350654,0.10616649,False,0.009458572,0.013815835,checkpoints/ResNetVibCNN_vib_spec_fold11_repeat0.pt,2691817965a19431c667af1bc1c1d9f7d3fbdba468304c088481cb12a4a97ce2,11
12,0.0928,0.10339899,0.10275832,0.006240885,0.090526186,0.11499045,True,0.009958319,0.024464265,checkpoints/ResNetVibCNN_vib_spec_fold11_repeat0.pt,2691817965a19431c667af1bc1c1d9f7d3fbdba468304c088481cb12a4a97ce2,11
12,0.0972,0.1008306,0.10036632,0.0037231916,0.09306886,0.10766377,True,0.003166318,0.0145949125,checkpoints/ResNetVibCNN_vib_spec_fold11_repeat0.pt,2691817965a19431c667af1bc1c1d9f7d3fbdba468304c088481cb12a4a97ce2,11
12,0.094,0.097314425,0.0973009,0.0035642649,0.09031494,0.104286864,True,0.0033009052,0.013971925,checkpoints/ResNetVibCNN_vib_spec_fold11_repeat0.pt,2691817965a19431c667af1bc1c1d9f7d3fbdba468304c088481cb12a4a97ce2,11
12,0.0866,0.09596676,0.09608733,0.0031549092,0.089903705,0.10227095,False,0.009487331,0.012367249,checkpoints/ResNetVibCNN_vib_spec_fold11_repeat0.pt,2691817965a19431c667af1bc1c1d9f7d3fbdba468304c088481cb12a4a97ce2,11
12,0.0864,0.10428127,0.1042017,0.004482036,0.0954169,0.11298649,False,0.017801695,0.017569587,checkpoints/ResNetVibCNN_vib_spec_fold11_repeat0.pt,2691817965a19431c667af1bc1c1d9f7d3fbdba468304c088481cb12a4a97ce2,11
12,0.0836,0.09784139,0.09778006,0.003666251,0.0905942,0.10496591,False,0.014180057,0.014371708,checkpoints/ResNetVibCNN_vib_spec_fold11_repeat0.pt,2691817965a19431c667af1bc1c1d9f7d3fbdba468304c088481cb12a4a97ce2,11
12,0.08,0.09923655,0.098946325,0.0035244331,0.09203844,0.10585421,False,0.018946327,0.0138157755,checkpoints/ResNetVibCNN_vib_spec_fold11_repeat0.pt,2691817965a19431c667af1bc1c1d9f7d3fbdba468304c088481cb12a4a97ce2,11
12,0.0796,0.10313954,0.10345845,0.0043431846,0.0949458,0.111971095,False,0.02385845,0.017025292,checkpoints/ResNetVibCNN_vib_spec_fold11_repeat0.pt,2691817965a19431c667af1bc1c1d9f7d3fbdba468304c088481cb12a4a97ce2,11
12,0.0838,0.098438695,0.098776035,0.004240389,0.090464875,0.107087195,False,0.014976032,0.01662232,checkpoints/ResNetVibCNN_vib_spec_fold11_repeat0.pt,2691817965a19431c667af1bc1c1d9f7d3fbdba468304c088481cb12a4a97ce2,11
13,0.1062,0.097513966,0.09879585,0.005668896,0.08768482,0.10990689,True,0.0074041486,0.022222072,checkpoints/ResNetVibCNN_vib_spec_fold12_repeat0.pt,b936ac0133b5c2eda8f026859b31b2a6e170aa760bc027e02301dbaeaea068ec,12
13,0.103,0.09615794,0.09568658,0.004771926,0.0863336,0.10503955,True,0.007313423,0.01870595,checkpoints/ResNetVibCNN_vib_spec_fold12_repeat0.pt,b936ac0133b5c2eda8f026859b31b2a6e170aa760bc027e02301dbaeaea068ec,12
13,0.0994,0.095988296,0.095243655,0.0056349123,0.08419923,0.10628808,True,0.0041563436,0.022088856,checkpoints/ResNetVibCNN_vib_spec_fold12_repeat0.pt,b936ac0133b5c2eda8f026859b31b2a6e170aa760bc027e02301dbaeaea068ec,12
13,0.1004,0.09582091,0.09425657,0.0051579294,0.08414703,0.104366116,True,0.0061434284,0.020219088,checkpoints/ResNetVibCNN_vib_spec_fold12_repeat0.pt,b936ac0133b5c2eda8f026859b31b2a6e170aa760bc027e02301dbaeaea068ec,12
13,0.0902,0.096987836,0.09705874,0.0053168014,0.08663781,0.10747968,True,0.0068587437,0.020841867,checkpoints/ResNetVibCNN_vib_spec_fold12_repeat0.pt,b936ac0133b5c2eda8f026859b31b2a6e170aa760bc027e02301dbaeaea068ec,12
13,0.089,0.09619879,0.09577629,0.0053082965,0.08537203,0.10618055,True,0.006776288,0.020808518,checkpoints/ResNetVibCNN_vib_spec_fold12_repeat0.pt,b936ac0133b5c2eda8f026859b31b2a6e170aa760bc027e02301dbaeaea068ec,12
13,0.092,0.09684636,0.09497018,0.0051450008,0.08488598,0.105054386,True,0.0029701814,0.020168409,checkpoints/ResNetVibCNN_vib_spec_fold12_repeat0.pt,b936ac0133b5c2eda8f026859b31b2a6e170aa760bc027e02301dbaeaea068ec,12
13,0.0888,0.09649691,0.09644645,0.005485269,0.08569532,0.107197575,True,0.007646449,0.021502256,checkpoints/ResNetVibCNN_vib_spec_fold12_repeat0.pt,b936ac0133b5c2eda8f026859b31b2a6e170aa760bc027e02301dbaeaea068ec,12
13,0.0846,0.09796473,0.097567014,0.006858042,0.08412525,0.11100878,True,0.012967013,0.026883528,checkpoints/ResNetVibCNN_vib_spec_fold12_repeat0.pt,b936ac0133b5c2eda8f026859b31b2a6e170aa760bc027e02301dbaeaea068ec,12
13,0.084,0.09534995,0.09576208,0.006543083,0.082937635,0.10858653,True,0.011762083,0.025648892,checkpoints/ResNetVibCNN_vib_spec_fold12_repeat0.pt,b936ac0133b5c2eda8f026859b31b2a6e170aa760bc027e02301dbaeaea068ec,12
13,0.0866,0.09731403,0.09724197,0.005257926,0.08693643,0.10754751,False,0.01064197,0.020611078,checkpoints/ResNetVibCNN_vib_spec_fold12_repeat0.pt,b936ac0133b5c2eda8f026859b31b2a6e170aa760bc027e02301dbaeaea068ec,12
13,0.0886,0.09556948,0.09588725,0.00650732,0.08313291,0.108641595,True,0.007287249,0.025508687,checkpoints/ResNetVibCNN_vib_spec_fold12_repeat0.pt,b936ac0133b5c2eda8f026859b31b2a6e170aa760bc027e02301dbaeaea068ec,12
13,0.0832,0.09660151,0.09832441,0.006221502,0.08613027,0.11051855,False,0.01512441,0.024388283,checkpoints/ResNetVibCNN_vib_spec_fold12_repeat0.pt,b936ac0133b5c2eda8f026859b31b2a6e170aa760bc027e02301dbaeaea068ec,12
13,0.0836,0.0967985,0.097571366,0.0059756087,0.08585917,0.10928356,False,0.013971366,0.023424387,checkpoints/ResNetVibCNN_vib_spec_fold12_repeat0.pt,b936ac0133b5c2eda8f026859b31b2a6e170aa760bc027e02301dbaeaea068ec,12
13,0.0818,0.0944156,0.09642313,0.005746858,0.08515929,0.10768697,False,0.014623128,0.02252768,checkpoints/ResNetVibCNN_vib_spec_fold12_repeat0.pt,b936ac0133b5c2eda8f026859b31b2a6e170aa760bc027e02301dbaeaea068ec,12
13,0.0868,0.09391268,0.092996284,0.00598124,0.08127306,0.10471951,True,0.006196283,0.023446456,checkpoints/ResNetVibCNN_vib_spec_fold12_repeat0.pt,b936ac0133b5c2eda8f026859b31b2a6e170aa760bc027e02301dbaeaea068ec,12
13,0.0786,0.09580796,0.096257105,0.005948066,0.0845989,0.10791531,False,0.017657109,0.023316413,checkpoints/ResNetVibCNN_vib_spec_fold12_repeat0.pt,b936ac0133b5c2eda8f026859b31b2a6e170aa760bc027e02301dbaeaea068ec,12
13,0.0782,0.0936899,0.093630716,0.006386835,0.08111252,0.10614891,False,0.015430719,0.025036395,checkpoints/ResNetVibCNN_vib_spec_fold12_repeat0.pt,b936ac0133b5c2eda8f026859b31b2a6e170aa760bc027e02301dbaeaea068ec,12
13,0.0884,0.09487685,0.09529268,0.0054538427,0.084603146,0.105982214,True,0.006892681,0.021379068,checkpoints/ResNetVibCNN_vib_spec_fold12_repeat0.pt,b936ac0133b5c2eda8f026859b31b2a6e170aa760bc027e02301dbaeaea068ec,12
13,0.0858,0.09366177,0.094984256,0.0047539803,0.085666455,0.104302056,True,0.009184256,0.0186356,checkpoints/ResNetVibCNN_vib_spec_fold12_repeat0.pt,b936ac0133b5c2eda8f026859b31b2a6e170aa760bc027e02301dbaeaea068ec,12
14,0.1094,0.10334204,0.1050513,0.0043429425,0.09653913,0.11356347,True,0.0043486953,0.017024338,checkpoints/ResNetVibCNN_vib_spec_fold13_repeat0.pt,1fc4ea73243e703be77fc4201be83257388dfae16f3eb668fe5c4b85922cc2da,13
14,0.1212,0.10282095,0.104073025,0.0052255327,0.09383098,0.11431507,False,0.017126977,0.02048409,checkpoints/ResNetVibCNN_vib_spec_fold13_repeat0.pt,1fc4ea73243e703be77fc4201be83257388dfae16f3eb668fe5c4b85922cc2da,13
14,0.1074,0.10536599,0.10723104,0.0049087917,0.09760981,0.116852276,True,0.00016895682,0.019242465,checkpoints/ResNetVibCNN_vib_spec_fold13_repeat0.pt,1fc4ea73243e703be77fc4201be83257388dfae16f3eb668fe5c4b85922cc2da,13
14,0.1086,0.10686113,0.10923726,0.005847886,0.09777541,0.120699115,True,0.00063726306,0.022923708,checkpoints/ResNetVibCNN_vib_spec_fold13_repeat0.pt,1fc4ea73243e703be77fc4201be83257388dfae16f3eb668fe5c4b85922cc2da,13
14,0.1058,0.102580875,0.10297608,0.004242343,0.09466109,0.111291066,True,0.0028239265,0.016629979,checkpoints/ResNetVibCNN_vib_spec_fold13_repeat0.pt,1fc4ea73243e703be77fc4201be83257388dfae16f3eb668fe5c4b85922cc2da,13
14,0.104,0.105594225,0.107565165,0.0069370843,0.09396848,0.12116185,True,0.0035651624,0.027193367,checkpoints/ResNetVibCNN_vib_spec_fold13_repeat0.pt,1fc4ea73243e703be77fc4201be83257388dfae16f3eb668fe5c4b85922cc2da,13
14,0.1036,0.10601368,0.108359106,0.0048207156,0.0989105,0.11780771,True,0.004759103,0.018897206,checkpoints/ResNetVibCNN_vib_spec_fold13_repeat0.pt,1fc4ea73243e703be77fc4201be83257388dfae16f3eb668fe5c4b85922cc2da,13
14,0.113,0.10217507,0.10261734,0.004051713,0.09467598,0.110558696,False,0.01038266,0.015882716,checkpoints/ResNetVibCNN_vib_spec_fold13_repeat0.pt,1fc4ea73243e703be77fc4201be83257388dfae16f3eb668fe5c4b85922cc2da,13
14,0.1072,0.10736119,0.11017248,0.0060150325,0.09838302,0.121961944,True,0.0029724836,0.023578927,checkpoints/ResNetVibCNN_vib_spec_fold13_repeat0.pt,1fc4ea73243e703be77fc4201be83257388dfae16f3eb668fe5c4b85922cc2da,13
14,0.1024,0.107260555,0.106774226,0.0062114387,0.094599806,0.118948646,True,0.0043742284,0.02434884,checkpoints/ResNetVibCNN_vib_spec_fold13_repeat0.pt,1fc4ea73243e703be77fc4201be83257388dfae16f3eb668fe5c4b85922cc2da,13
14,0.1052,0.10478323,0.10534406,0.004252386,0.09700938,0.11367873,True,0.00014405698,0.016669348,checkpoints/ResNetVibCNN_vib_spec_fold13_repeat0.pt,1fc4ea73243e703be77fc4201be83257388dfae16f3eb668fe5c4b85922cc2da,13
14,0.106,0.111421354,0.11351091,0.006643251,0.10049014,0.12653168,True,0.007510908,0.026041538,checkpoints/ResNetVibCNN_vib_spec_fold13_repeat0.pt,1fc4ea73243e703be77fc4201be83257388dfae16f3eb668fe5c4b85922cc2da,13
14,0.1,0.10838344,0.110676825,0.005284136,0.10031992,0.12103373,False,0.010676824,0.020713806,checkpoints/ResNetVibCNN_vib_spec_fold13_repeat0.pt,1fc4ea73243e703be77fc4201be83257388dfae16f3eb668fe5c4b85922cc2da,13
14,0.099,0.103749126,0.10430536,0.004463126,0.09555763,0.11305308,True,0.0053053573,0.017495453,checkpoints/ResNetVibCNN_vib_spec_fold13_repeat0.pt,1fc4ea73243e703be77fc4201be83257388dfae16f3eb668fe5c4b85922cc2da,13
14,0.1076,0.10835239,0.109583914,0.0039732615,0.10179632,0.11737151,True,0.0019839108,0.015575185,checkpoints/ResNetVibCNN_vib_spec_fold13_repeat0.pt,1fc4ea73243e703be77fc4201be83257388dfae16f3eb668fe5c4b85922cc2da,13
14,0.103,0.10610077,0.10831502,0.004766738,0.098972216,0.117657825,True,0.0053150207,0.01868561,checkpoints/ResNetVibCNN_vib_spec_fold13_repeat0.pt,1fc4ea73243e703be77fc4201be83257388dfae16f3eb668fe5c4b85922cc2da,13
14,0.1064,0.10812746,0.110247195,0.00399843,0.10241027,0.11808412,True,0.0038471967,0.015673846,checkpoints/ResNetVibCNN_vib_spec_fold13_repeat0.pt,1fc4ea73243e703be77fc4201be83257388dfae16f3eb668fe5c4b85922cc2da,13
14,0.1082,0.10851301,0.11058209,0.0058438154,0.09912822,0.122035965,True,0.0023820922,0.022907749,checkpoints/ResNetVibCNN_vib_spec_fold13_repeat0.pt,1fc4ea73243e703be77fc4201be83257388dfae16f3eb668fe5c4b85922cc2da,13
14,0.105,0.10591458,0.107557915,0.0037510754,0.10020581,0.11491002,True,0.0025579184,0.014704213,checkpoints/ResNetVibCNN_vib_spec_fold13_repeat0.pt,1fc4ea73243e703be77fc4201be83257388dfae16f3eb668fe5c4b85922cc2da,13
14,0.1046,0.108529344,0.11069598,0.0043344237,0.10220051,0.11919145,True,0.006095983,0.016990945,checkpoints/ResNetVibCNN_vib_spec_fold13_repeat0.pt,1fc4ea73243e703be77fc4201be83257388dfae16f3eb668fe5c4b85922cc2da,13
15,0.1048,0.09721458,0.099926345,0.008300685,0.083657004,0.116195686,True,0.0048736557,0.032538682,checkpoints/ResNetVibCNN_vib_spec_fold14_repeat0.pt,95b54916a3a8885a353949dc5bf31ab1bbbe5a74c21f7bb30b4ecb7833cb2393,14
15,0.1162,0.09855848,0.10244212,0.008217079,0.08633665,0.118547596,True,0.013757877,0.032210946,checkpoints/ResNetVibCNN_vib_spec_fold14_repeat0.pt,95b54916a3a8885a353949dc5bf31ab1bbbe5a74c21f7bb30b4ecb7833cb2393,14
15,0.108,0.109955676,0.11419301,0.012047027,0.090580836,0.13780518,True,0.0061930045,0.047224343,checkpoints/ResNetVibCNN_vib_spec_fold14_repeat0.pt,95b54916a3a8885a353949dc5bf31ab1bbbe5a74c21f7bb30b4ecb7833cb2393,14
15,0.1036,0.1613363,0.1621824,0.023972036,0.11519721,0.2091676,False,0.058582403,0.09397039,checkpoints/ResNetVibCNN_vib_spec_fold14_repeat0.pt,95b54916a3a8885a353949dc5bf31ab1bbbe5a74c21f7bb30b4ecb7833cb2393,14
15,0.1024,0.11988009,0.122713625,0.014466072,0.09436012,0.15106712,True,0.020313628,0.056707002,checkpoints/ResNetVibCNN_vib_spec_fold14_repeat0.pt,95b54916a3a8885a353949dc5bf31ab1bbbe5a74c21f7bb30b4ecb7833cb2393,14
15,0.0992,0.11912879,0.12594749,0.013136996,0.10019898,0.151696,False,0.026747487,0.05149702,checkpoints/ResNetVibCNN_vib_spec_fold14_repeat0.pt,95b54916a3a8885a353949dc5bf31ab1bbbe5a74c21f7bb30b4ecb7833cb2393,14
15,0.1066,0.13180953,0.13666442,0.016191449,0.10492918,0.16839966,True,0.030064419,0.06347048,checkpoints/ResNetVibCNN_vib_spec_fold14_repeat0.pt,95b54916a3a8885a353949dc5bf31ab1bbbe5a74c21f7bb30b4ecb7833cb2393,14
15,0.102,0.11858206,0.12066637,0.012372773,0.096415736,0.14491701,True,0.018666372,0.048501275,checkpoints/ResNetVibCNN_vib_spec_fold14_repeat0.pt,95b54916a3a8885a353949dc5bf31ab1bbbe5a74c21f7bb30b4ecb7833cb2393,14
15,0.094,0.12519126,0.13269661,0.0128112035,0.10758665,0.15780658,False,0.038696617,0.050219923,checkpoints/ResNetVibCNN_vib_spec_fold14_repeat0.pt,95b54916a3a8885a353949dc5bf31ab1bbbe5a74c21f7bb30b4ecb7833cb2393,14
15,0.1072,0.13177352,0.14284141,0.018668521,0.10625111,0.1794317,True,0.035641417,0.07318059,checkpoints/ResNetVibCNN_vib_spec_fold14_repeat0.pt,95b54916a3a8885a353949dc5bf31ab1bbbe5a74c21f7bb30b4ecb7833cb2393,14
15,0.1078,0.14205068,0.14468552,0.015666945,0.11397831,0.17539273,False,0.036885522,0.06141442,checkpoints/ResNetVibCNN_vib_spec_fold14_repeat0.pt,95b54916a3a8885a353949dc5bf31ab1bbbe5a74c21f7bb30b4ecb7833cb2393,14
15,0.1008,0.15868814,0.16320884,0.023361824,0.11741966,0.20899802,False,0.062408842,0.091578364,checkpoints/ResNetVibCNN_vib_spec_fold14_repeat0.pt,95b54916a3a8885a353949dc5bf31ab1bbbe5a74c21f7bb30b4ecb7833cb2393,14
15,0.1058,0.12934384,0.13432047,0.014225565,0.10643836,0.16220258,False,0.028520465,0.05576422,checkpoints/ResNetVibCNN_vib_spec_fold14_repeat0.pt,95b54916a3a8885a353949dc5bf31ab1bbbe5a74c21f7bb30b4ecb7833cb2393,14
15,0.1058,0.122471996,0.122960776,0.015251411,0.09306801,0.15285355,True,0.017160773,0.059785537,checkpoints/ResNetVibCNN_vib_spec_fold14_repeat0.pt,95b54916a3a8885a353949dc5bf31ab1bbbe5a74c21f7bb30b4ecb7833cb2393,14
15,0.1018,0.15480736,0.1658221,0.019857673,0.12690106,0.20474315,False,0.0640221,0.07784209,checkpoints/ResNetVibCNN_vib_spec_fold14_repeat0.pt,95b54916a3a8885a353949dc5bf31ab1bbbe5a74c21f7bb30b4ecb7833cb2393,14
15,0.0982,0.13434467,0.13901173,0.013591592,0.112372205,0.16565125,False,0.040811725,0.053279042,checkpoints/ResNetVibCNN_vib_spec_fold14_repeat0.pt,95b54916a3a8885a353949dc5bf31ab1bbbe5a74c21f7bb30b4ecb7833cb2393,14
15,0.0956,0.13434029,0.13880791,0.01708311,0.10532501,0.1722908,False,0.043207906,0.06696579,checkpoints/ResNetVibCNN_vib_spec_fold14_repeat0.pt,95b54916a3a8885a353949dc5bf31ab1bbbe5a74c21f7bb30b4ecb7833cb2393,14
15,0.0946,0.17867315,0.17986296,0.02405826,0.13270877,0.22701715,False,0.08526296,0.09430838,checkpoints/ResNetVibCNN_vib_spec_fold14_repeat0.pt,95b54916a3a8885a353949dc5bf31ab1bbbe5a74c21f7bb30b4ecb7833cb2393,14
15,0.0942,0.15545347,0.15859169,0.020551017,0.118311696,0.19887167,False,0.06439169,0.08055998,checkpoints/ResNetVibCNN_vib_spec_fold14_repeat0.pt,95b54916a3a8885a353949dc5bf31ab1bbbe5a74c21f7bb30b4ecb7833cb2393,14
15,0.0942,0.15451422,0.15624832,0.024747098,0.10774401,0.20475262,False,0.062048316,0.097008616,checkpoints/ResNetVibCNN_vib_spec_fold14_repeat0.pt,95b54916a3a8885a353949dc5bf31ab1bbbe5a74c21f7bb30b4ecb7833cb2393,14
16,0.1154,0.096908,0.099209525,0.0057163504,0.088005476,0.11041357,False,0.016190477,0.022408098,checkpoints/ResNetVibCNN_vib_spec_fold15_repeat0.pt,ea811a7e75a4a3d5a8c66d2b56ca47f973d1824863554eed11c521749224ccb7,15
16,0.1116,0.093077995,0.09807721,0.0064930287,0.08535087,0.110803545,False,0.013522789,0.025452673,checkpoints/ResNetVibCNN_vib_spec_fold15_repeat0.pt,ea811a7e75a4a3d5a8c66d2b56ca47f973d1824863554eed11c521749224ccb7,15
16,0.1018,0.09228594,0.09372425,0.0060119503,0.08194083,0.10550767,True,0.008075751,0.023566842,checkpoints/ResNetVibCNN_vib_spec_fold15_repeat0.pt,ea811a7e75a4a3d5a8c66d2b56ca47f973d1824863554eed11c521749224ccb7,15
16,0.1094,0.0927761,0.094231434,0.00689922,0.080708966,0.1077539,False,0.0151685625,0.027044937,checkpoints/ResNetVibCNN_vib_spec_fold15_repeat0.pt,ea811a7e75a4a3d5a8c66d2b56ca47f973d1824863554eed11c521749224ccb7,15
16,0.1038,0.09273117,0.09448293,0.0064122933,0.081914835,0.10705102,True,0.00931707,0.025136188,checkpoints/ResNetVibCNN_vib_spec_fold15_repeat0.pt,ea811a7e75a4a3d5a8c66d2b56ca47f973d1824863554eed11c521749224ccb7,15
16,0.1052,0.090867266,0.092044316,0.0074154674,0.07751,0.10657863,True,0.013155684,0.029068634,checkpoints/ResNetVibCNN_vib_spec_fold15_repeat0.pt,ea811a7e75a4a3d5a8c66d2b56ca47f973d1824863554eed11c521749224ccb7,15
16,0.1072,0.09082666,0.09244087,0.0065912707,0.079521984,0.10535976,False,0.014759123,0.025837779,checkpoints/ResNetVibCNN_vib_spec_fold15_repeat0.pt,ea811a7e75a4a3d5a8c66d2b56ca47f973d1824863554eed11c521749224ccb7,15
16,0.1044,0.09367931,0.096992515,0.006599246,0.084057994,0.109927036,True,0.0074074864,0.025869042,checkpoints/ResNetVibCNN_vib_spec_fold15_repeat0.pt,ea811a7e75a4a3d5a8c66d2b56ca47f973d1824863554eed11c521749224ccb7,15
16,0.1016,0.09233135,0.0957108,0.0074360115,0.08113622,0.11028538,True,0.0058891997,0.02914916,checkpoints/ResNetVibCNN_vib_spec_fold15_repeat0.pt,ea811a7e75a4a3d5a8c66d2b56ca47f973d1824863554eed11c521749224ccb7,15
16,0.1066,0.08970061,0.090989515,0.007617435,0.07605934,0.10591969,False,0.015610486,0.029860348,checkpoints/ResNetVibCNN_vib_spec_fold15_repeat0.pt,ea811a7e75a4a3d5a8c66d2b56ca47f973d1824863554eed11c521749224ccb7,15
16,0.1044,0.092589945,0.09372721,0.0066069094,0.08077767,0.10667675,True,0.010672793,0.025899082,checkpoints/ResNetVibCNN_vib_spec_fold15_repeat0.pt,ea811a7e75a4a3d5a8c66d2b56ca47f973d1824863554eed11c521749224ccb7,15
16,0.098,0.09086114,0.09229254,0.0060378853,0.08045828,0.104126796,True,0.0057074577,0.023668513,checkpoints/ResNetVibCNN_vib_spec_fold15_repeat0.pt,ea811a7e75a4a3d5a8c66d2b56ca47f973d1824863554eed11c521749224ccb7,15
16,0.0986,0.09204111,0.091905355,0.006748741,0.078677826,0.105132885,True,0.0066946447,0.02645506,checkpoints/ResNetVibCNN_vib_spec_fold15_repeat0.pt,ea811a7e75a4a3d5a8c66d2b56ca47f973d1824863554eed11c521749224ccb7,15
16,0.0922,0.09192109,0.09593181,0.008845077,0.07859546,0.11326817,True,0.0037318096,0.034672707,checkpoints/ResNetVibCNN_vib_spec_fold15_repeat0.pt,ea811a7e75a4a3d5a8c66d2b56ca47f973d1824863554eed11c521749224ccb7,15
16,0.092,0.09121873,0.09305535,0.00785453,0.07766047,0.108450234,True,0.0010553524,0.030789763,checkpoints/ResNetVibCNN_vib_spec_fold15_repeat0.pt,ea811a7e75a4a3d5a8c66d2b56ca47f973d1824863554eed11c521749224ccb7,15
16,0.0936,0.09070064,0.090673834,0.00613944,0.078640535,0.10270713,True,0.0029261634,0.024066597,checkpoints/ResNetVibCNN_vib_spec_fold15_repeat0.pt,ea811a7e75a4a3d5a8c66d2b56ca47f973d1824863554eed11c521749224ccb7,15
16,0.0916,0.09071704,0.09324399,0.0070306244,0.07946396,0.107024014,True,0.0016439855,0.027560055,checkpoints/ResNetVibCNN_vib_spec_fold15_repeat0.pt,ea811a7e75a4a3d5a8c66d2b56ca47f973d1824863554eed11c521749224ccb7,15
16,0.0916,0.09009954,0.092750005,0.006675193,0.07966663,0.10583338,True,0.0011500046,0.026166752,checkpoints/ResNetVibCNN_vib_spec_fold15_repeat0.pt,ea811a7e75a4a3d5a8c66d2b56ca47f973d1824863554eed11c521749224ccb7,15
16,0.0946,0.09007154,0.09392245,0.0066411803,0.080905735,0.10693917,True,0.00067754835,0.026033431,checkpoints/ResNetVibCNN_vib_spec_fold15_repeat0.pt,ea811a7e75a4a3d5a8c66d2b56ca47f973d1824863554eed11c521749224ccb7,15
16,0.0916,0.08991273,0.09011504,0.0066966247,0.07698966,0.10324042,True,0.0014849603,0.026250765,checkpoints/ResNetVibCNN_vib_spec_fold15_repeat0.pt,ea811a7e75a4a3d5a8c66d2b56ca47f973d1824863554eed11c521749224ccb7,15
